RBP,Structure,RBNS_Motif,RBNS_Specificity,RBNS_Sensitivity,eCLIP_Motif,eCLIP_Specificity,eCLIP_Sensitivity,RBNS_Motif_eCLIP_Score,eCLIP_Motif_RBNS_Score,RBNS_Motif_eCLIP_Specificity,RBNS_Motif_eCLIP_Sensitivity,eCLIP_Motif_RBNS_Specificity,eCLIP_Motif_RBNS_Sensitivity,RBNS_v_eCLIP_Pearson,RBNS_v_eCLIP_Spearman
HNRNPC,N,UUUUU,50.844140913250484,0.8580067792125411,UUUUU,64.4888109161816,0.9223593061244953,1,1,64.4888109161816,0.9223593061244953,50.844140913250484,0.8580067792125411,0.8439749619077465,0.13522629547230927
HNRNPL,N,ACACA,12.334713801419769,0.5390876222666329,ACACA,34.56526207785628,0.858535207410222,1,1,34.56526207785628,0.858535207410222,12.334713801419769,0.5390876222666329,0.625094039488897,0.4603726599168766
PCBP1,N,GCCCC,6.908779997399946,0.43306420184561367,CCUCC,16.138779977308612,0.5969904027228231,0.528635949481651,0.560735849221226,8.531539276779997,0.2218735044778369,3.8740006189246783,0.09100081539061973,0.6027298691448113,0.46582411212317504
TIA1,N,UUUUU,4.892188763166601,0.5381411362168452,UUUUU,12.727438792090501,0.551722880404482,1,1,12.727438792090501,0.551722880404482,4.892188763166601,0.5381411362168452,0.6020965817111911,0.4014866978590965
KHSRP,N,UGUAU,2.733493938813556,0.3369059909724648,UGUUU,5.822433730048311,0.44939570051742034,0.846700924491276,0.9596470734981,4.929860022021093,0.36280324588599927,2.6231894588072233,0.2950881866653707,0.675165383252357,0.47246475977352675
FUS,N,GGGGG,1.8495066723477085,0.07851640908617333,GGAGG,5.2034671796044325,0.4742863893341562,0.674287737666275,0.911353970673865,3.5086341125561855,-0.04846552630302763,1.6855552496318913,0.07256748044913616,0.4733789788388213,0.3688488111215781
IGF2BP2,N,ACACA,2.7415809671335682,0.251055112541545,CCUCC,3.7213438398169636,0.3666990793657202,0.527753613605826,0.681105237448893,1.9639526589331824,0.1507396348704136,1.8673051556048748,0.0876878148563057,0.3950498297314398,0.391889622243337
FUBP3,N,UAUAU,8.950980190945241,0.4351424700518597,UGUGU,14.293624250388872,0.6788112148624967,0.401675680901677,0.545480368477584,5.741401253327672,0.14867767454177563,4.882583972792365,0.21621194589600384,0.7050787782506506,0.6965610450761959
PCBP2,N,CCCCC,21.570208257031894,0.4931567218622097,CCUCC,18.846035884333237,0.6560909988442328,0.512726948042427,0.395820680244612,9.662870461672243,0.06263195547129165,8.537934505316311,0.09904678477436975,0.6161442412011929,0.460095774301344
RBFOX2,Y,GCAUG,31.50874872306869,0.9026533024938154,UGGGG,7.270126124047508,0.5469127485776226,0.894510668551162,0.0648854910165666,6.5032053796730045,0.636964634043507,2.0444606322139274,0.011517584524351799,0.2926138723539377,0.21030453012160397
RBM22,Y,ACCGG,29.860304772861664,0.9096688494130082,CUGGG,5.882378038305762,0.4958998372464326,0.116704733461482,0.0163333395592383,0.6865013610801493,-0.12019633699098811,0.48771849719749366,-0.03457326249337301,-0.11125544148851607,-0.2764418911956888
TRA2A,Y,GAAGA,9.117612018242536,0.6437395736437944,GAAGA,12.10318379223917,0.7375634624138786,1,1,12.10318379223917,0.7375634624138786,9.117612018242536,0.6437395736437944,0.6180279494709653,0.3679922180071157
TAF15,Y,GGGGG,2.2493664598105925,0.2070608939037418,GGAGG,3.2386843683288116,0.37524510115497123,0.630953960625631,0.741868556996165,2.043460729413384,-0.026056993900066844,1.6687342496952564,0.06325701173665646,0.4061369426295426,0.3036154609004562
HNRNPK,Y,GCCCA,2.29445724503282,0.3012764520519856,CCUCC,8.316940423664056,0.5280419717420105,0.3416505691275985,0.587803853217685,2.841487429145155,0.06478288871075351,1.3486908096735255,-0.07248338836800118,0.3515062890626659,0.2913606162819854
PUM1,Y,UGUAA,12.351529348148016,0.6948020657980923,GAAGA,5.888914529197725,0.6054729092483871,0.149887117149562,0.0683356963660195,0.8826724219216171,0.005544199061173774,0.8440503591910216,-0.0341724254583735,-0.1860604183725164,-0.19221120035231012
EWSR1,Y,GGGGG,2.542795008749426,0.19338734461459198,UGGGG,6.2263673151733014,0.5079665550301378,0.734803800188567,0.840548996547051,4.575158364559226,0.006992263037637534,2.1373437930291797,0.15114332085381355,0.4794169578613691,0.31234856261060917
EIF4G2,Y,GUUGC,2.044149507707323,0.435899063972144,GUGUG,51.961847342767555,0.8905389661596157,0.0228701532246879,0.642197470143849,1.1883754105669357,-0.005976045959803419,1.3127476424454372,0.07295984495607098,0.09139994229365357,-0.00499460403078814
SRSF9,Y,AGGAG,2.7309539068744204,0.4003204368639906,GGAGG,5.348824246228938,0.5149139114763831,0.872087454737752,0.853063651458376,4.664642522733369,0.4194513545307849,2.329677511762811,0.22806053942800453,0.4932395794968625,0.37619600185497637
LIN28B,?,GGGGG,4.021054532290883,0.23717124701921788,AGGAG,2.791802852282711,0.429653153518718,0.351430115030504,0.831491774271317,0.9811235975202023,-0.1848261567551463,3.343473767496267,0.28863319572059587,0.3533686801006493,0.24637755341382164
TROVE2,?,CCGAG,2.410139728771692,0.33428413877807023,CCACU,6.00891544999508,0.7833141389837854,0.41663601167206,0.582851482043677,2.503530567560572,0.2014658260973689,1.4047535128469264,0.04162030577089145,0.08569486064353357,0.09297391168510087
XRCC6,?,CGAGA,2.394724516605891,0.386385419062518,GGAGG,4.498842735334964,0.48317935017696406,0.21495339771907301,0.440811774674846,0.967041531764019,-0.03196646048734983,1.0556227640224054,0.008630472665349461,0.0025806647113306613,0.03355523282868466
SAFB2,?,CACCC,3.926521089178426,0.287157782611959,AGAAA,3.0038225964671135,0.3938300941343684,0.306483040661199,0.191255567072031,0.9206206829720587,0.013330696830247553,0.7509690175311087,-0.046484184261466194,-0.16646496229288063,-0.15182650935537356
ZRANB2,?,AGGUA,2.740366603607158,0.499103239911486,UGGUG,12.197644589245558,0.7328383910824894,0.514044639617361,0.610422662875565,6.270133817059386,0.34143257074426137,1.6727818794291494,0.0892168791153716,0.47988789524255987,0.3340422190918339
AKAP8L,?,CACCC,2.2991558641761536,0.40455105084063947,CACAC,6.371672278184184,0.7208683563416541,0.322347318189942,0.449428075886985,2.05389147125787,0.07641476498399542,1.033305196200967,-0.01763614268606563,0.387617396271843,0.37701184527197784
APOBEC3C,?,UAUAU,2.064831352382373,0.25288462983944465,UUUUU,7.716877623193747,0.6486196358359264,0.0839127129282724,0.78568478505946,0.6475441366976659,-0.050296276048218284,1.622306577280579,0.12710665639169585,-0.2011308926961314,-0.1757817820333191
RBM5,?,GGGGG,3.5570469275996732,0.2921585277237308,GGAGG,4.305506137196435,0.47471727735503805,0.769819455501421,0.645566179456461,3.3144623901945858,0.08697766195882085,2.2963091951978636,0.11199972084153273,0.42099908605757197,0.1718703003207883
IGF2BP3,?,ACACC,2.631192731581073,0.2741725437195939,CCUCC,2.6823437105256605,0.295684415827192,0.637867406189333,0.591362506135139,1.710979625141274,0.06467285115616368,1.5559887278723454,0.005882756104326559,0.4061638857674172,0.3806475929103176
EIF3D,?,ACCAC,1.9709517995202595,0.34822811026311934,CCUGG,2.7926901574352914,0.39660763078105815,0.294645311209002,0.703330021031708,0.8228530605478382,-0.05300548938425052,1.3862295706090668,0.08815381364776312,0.008281919052170912,0.0580191375481332
