,MOTIF,IS
1,AAAAA,0.320909349294518
2,AAAAC,0.791441019260275
3,AAAAG,0.752515724489986
4,AAAAT,0.63601504500298
5,AAACA,0.951231555859197
6,AAACC,0.859504874435266
7,AAACG,0.94366393133382
8,AAACT,0.77691060897869
9,AAAGA,0.82023742740153
10,AAAGC,0.887598838169607
11,AAAGG,1.054155231389
12,AAAGT,0.811967687725259
13,AAATA,0.787266111069899
14,AAATC,0.856708673783562
15,AAATG,0.821403742400222
16,AAATT,0.73060287752121
17,AACAA,0.81783908783261
18,AACAC,1.22200276909279
19,AACAG,0.926433480630474
20,AACAT,1.03943087334585
21,AACCA,0.953845844077418
22,AACCC,0.890887304628173
23,AACCG,1.01077559240224
24,AACCT,0.803260556095693
25,AACGA,0.947575400414953
26,AACGC,0.927035245001631
27,AACGG,1.01114886703055
28,AACGT,0.938169732218948
29,AACTA,0.906213569667329
30,AACTC,0.849598150922532
31,AACTG,0.904336334501535
32,AACTT,0.827942673275107
33,AAGAA,0.757608501763585
34,AAGAC,0.948332081034175
35,AAGAG,1.03212867918266
36,AAGAT,0.871826779842425
37,AAGCA,0.887854335922515
38,AAGCC,0.925229719428615
39,AAGCG,1.00102880228587
40,AAGCT,0.924469289442208
41,AAGGA,1.15977540098302
42,AAGGC,1.06034597161353
43,AAGGG,1.68483534748911
44,AAGGT,1.14371788699404
45,AAGTA,0.83983172012828
46,AAGTC,0.945620075012366
47,AAGTG,1.0400800925047
48,AAGTT,0.888237556368611
49,AATAA,0.771380462464647
50,AATAC,0.956647493439788
51,AATAG,0.930264445902636
52,AATAT,0.935230527148439
53,AATCA,0.916286844597014
54,AATCC,0.852913450884735
55,AATCG,0.960736774861251
56,AATCT,0.85796234989476
57,AATGA,0.872723982820045
58,AATGC,0.994009746512074
59,AATGG,0.997598580732386
60,AATGT,0.874069464473079
61,AATTA,0.822310675136989
62,AATTC,0.825224624834539
63,AATTG,0.876375103791867
64,AATTT,0.713926545538986
65,ACAAA,0.960265117233421
66,ACAAC,1.11533172273485
67,ACAAG,0.931878210169967
68,ACAAT,1.01714827589824
69,ACACA,4.67433685938586
70,ACACC,1.85037075021354
71,ACACG,1.39971505204335
72,ACACT,1.41785594920762
73,ACAGA,1.39988679198848
74,ACAGC,1.04625861757298
75,ACAGG,1.3949610762737
76,ACAGT,1.06548329325017
77,ACATA,1.93715670650211
78,ACATC,1.23613431486591
79,ACATG,1.95937832342933
80,ACATT,1.01254838146679
81,ACCAA,0.951294567950651
82,ACCAC,1.33361540261647
83,ACCAG,0.971603154996589
84,ACCAT,1.29375991879785
85,ACCCA,1.51322182224899
86,ACCCC,1.04409706264482
87,ACCCG,1.09142188987547
88,ACCCT,0.949719010779064
89,ACCGA,0.961522765163102
90,ACCGC,0.983508295259954
91,ACCGG,1.14365741620296
92,ACCGT,1.0439426276087
93,ACCTA,1.10079911556741
94,ACCTC,0.828945363446246
95,ACCTG,1.07227311643952
96,ACCTT,0.914223115073319
97,ACGAA,0.958975676839699
98,ACGAC,0.923581964743055
99,ACGAG,0.976494197727857
100,ACGAT,0.93598920863182
101,ACGCA,1.21837392955938
102,ACGCC,0.944768306612869
103,ACGCG,1.0386578758077
104,ACGCT,0.871410162771247
105,ACGGA,1.08796559582791
106,ACGGC,0.967334989362495
107,ACGGG,1.3662199201795
108,ACGGT,1.01910496634939
109,ACGTA,1.0272955350553
110,ACGTC,0.966173122547696
111,ACGTG,1.1646842590787
112,ACGTT,0.928745099836644
113,ACTAA,0.891780856882775
114,ACTAC,0.928618465369904
115,ACTAG,0.90669071266883
116,ACTAT,0.986292227456814
117,ACTCA,1.38414640326905
118,ACTCC,0.995570447794732
119,ACTCG,0.984353034177289
120,ACTCT,0.917239027925478
121,ACTGA,1.04029647885472
122,ACTGC,0.934313622698823
123,ACTGG,1.25787151182355
124,ACTGT,1.00003117925478
125,ACTTA,0.938327701656278
126,ACTTC,0.852559501853504
127,ACTTG,0.994228276064271
128,ACTTT,0.807453700052386
129,AGAAA,0.776452738798407
130,AGAAC,0.866407859429586
131,AGAAG,1.04669080863628
132,AGAAT,0.820172623590261
133,AGACA,1.43419381267443
134,AGACC,0.984478167701153
135,AGACG,1.0732861356614
136,AGACT,0.940507134890743
137,AGAGA,1.03513138564101
138,AGAGC,1.08527219740721
139,AGAGG,1.8217428810575
140,AGAGT,1.06400727592053
141,AGATA,1.0086598062782
142,AGATC,0.920443286803016
143,AGATG,1.11867665633703
144,AGATT,0.887343326450512
145,AGCAA,0.83931543335911
146,AGCAC,1.01624730174993
147,AGCAG,1.27971367338619
148,AGCAT,0.975083845156923
149,AGCCA,1.03463622667758
150,AGCCC,1.12387175959923
151,AGCCG,1.15422791207541
152,AGCCT,0.903699812463211
153,AGCGA,0.933965784300974
154,AGCGC,1.1258753438632
155,AGCGG,1.39501838187514
156,AGCGT,1.02146432880325
157,AGCTA,0.93235274070947
158,AGCTC,0.939275406186394
159,AGCTG,1.33103088523323
160,AGCTT,0.908694181582224
161,AGGAA,1.28364735737947
162,AGGAC,1.19875327104363
163,AGGAG,2.25360649681277
164,AGGAT,1.1286667867518
165,AGGCA,1.40312004971758
166,AGGCC,1.41720010471978
167,AGGCG,1.39882762845932
168,AGGCT,1.28332456771288
169,AGGGA,2.46577627817794
170,AGGGC,2.155950710562
171,AGGGG,3.13571929772594
172,AGGGT,1.95266952009871
173,AGGTA,1.10275160958816
174,AGGTC,1.12799941943797
175,AGGTG,1.81407383909582
176,AGGTT,1.03575026059255
177,AGTAA,0.859440612741332
178,AGTAC,0.925293083010451
179,AGTAG,0.920316427225399
180,AGTAT,0.888524951086587
181,AGTCA,1.04310859023333
182,AGTCC,1.02738852727764
183,AGTCG,1.05788297755802
184,AGTCT,0.897712264690168
185,AGTGA,1.03905985048081
186,AGTGC,1.05316888389521
187,AGTGG,1.63744134444897
188,AGTGT,0.982600813016288
189,AGTTA,0.871730640737114
190,AGTTC,0.882901579293981
191,AGTTG,1.09114670346698
192,AGTTT,0.819816186568071
193,ATAAA,0.821403742400222
194,ATAAC,0.93377604335534
195,ATAAG,0.915143968511249
196,ATAAT,0.937822180663861
197,ATACA,2.16670022128472
198,ATACC,1.06289995697608
199,ATACG,0.99747379795846
200,ATACT,1.00221320315744
201,ATAGA,1.04372640998581
202,ATAGC,0.957560027817638
203,ATAGG,1.07896112116163
204,ATAGT,0.916223358811421
205,ATATA,1.28332456771288
206,ATATC,0.993603878808256
207,ATATG,1.0563429469753
208,ATATT,0.885043092248135
209,ATCAA,0.927161922366757
210,ATCAC,1.25607131393568
211,ATCAG,0.954758925509962
212,ATCAT,1.09444787160461
213,ATCCA,2.0378434624906
214,ATCCC,0.877047367757349
215,ATCCG,0.977528185895758
216,ATCCT,0.906340812563444
217,ATCGA,0.970285460914058
218,ATCGC,0.984665861706176
219,ATCGG,0.999937641178474
220,ATCGT,0.945683162793933
221,ATCTA,1.11231923458093
222,ATCTC,0.834860091418454
223,ATCTG,0.949309278911017
224,ATCTT,0.899847004523259
225,ATGAA,0.862909480609594
226,ATGAC,0.935546659398241
227,ATGAG,1.03441957813602
228,ATGAT,0.938359294903123
229,ATGCA,1.91246973713654
230,ATGCC,0.947323146319144
231,ATGCG,1.07663060953407
232,ATGCT,1.02614847884224
233,ATGGA,1.39825500769129
234,ATGGC,1.09612812651174
235,ATGGG,1.83440978385198
236,ATGGT,1.04045103440065
237,ATGTA,1.06769644570748
238,ATGTC,0.997598580732386
239,ATGTG,1.21822514651568
240,ATGTT,0.841477003736165
241,ATTAA,0.852849098508899
242,ATTAC,0.89363124335523
243,ATTAG,0.905513671817345
244,ATTAT,0.891653217018128
245,ATTCA,1.22850977440881
246,ATTCC,0.863455271686815
247,ATTCG,0.973265429482348
248,ATTCT,0.793103420961499
249,ATTGA,0.959604716589724
250,ATTGC,0.883572905342915
251,ATTGG,1.02034688450873
252,ATTGT,0.849598150922532
253,ATTTA,0.859087157632063
254,ATTTC,0.769808576196886
255,ATTTG,0.887215565353165
256,ATTTT,0.560997459552273
257,CAAAA,0.72514991187068
258,CAAAC,0.994758948161094
259,CAAAG,0.910760353046141
260,CAAAT,0.896054779468555
261,CAACA,1.12405393911524
262,CAACC,0.94719701416615
263,CAACG,0.914826453334782
264,CAACT,0.935799549805033
265,CAAGA,0.82716624926844
266,CAAGC,0.89197231014486
267,CAAGG,1.13472939595502
268,CAAGT,0.901057319354459
269,CAATA,0.938801577939285
270,CAATC,0.985698044037057
271,CAATG,0.936684558499809
272,CAATT,0.885075047698157
273,CACAA,1.28655146174617
274,CACAC,4.60247149982772
275,CACAG,1.6092816454064
276,CACAT,2.57146442836311
277,CACCA,1.4647800955871
278,CACCC,1.47197274397681
279,CACCG,1.03887432800406
280,CACCT,1.05538787314195
281,CACGA,0.931814935791434
282,CACGC,1.17583799887681
283,CACGG,1.13033478829759
284,CACGT,1.17475686051577
285,CACTA,0.995258349223272
286,CACTC,1.35863155341154
287,CACTG,1.12924307276367
288,CACTT,0.943600816293367
289,CAGAA,0.923011452762692
290,CAGAC,1.32783456206156
291,CAGAG,1.34138937502183
292,CAGAT,1.07721334638159
293,CAGCA,1.09566993507009
294,CAGCC,0.944168820980286
295,CAGCG,1.08061630519233
296,CAGCT,0.943253668336837
297,CAGGA,1.38813668862661
298,CAGGC,1.369735820729
299,CAGGG,2.55188639211599
300,CAGGT,1.23794220587458
301,CAGTA,0.942464599813353
302,CAGTC,1.03708056434043
303,CAGTG,1.20854407639489
304,CAGTT,0.869037942676759
305,CATAA,1.03240736200855
306,CATAC,1.98634489778739
307,CATAG,1.05846805616849
308,CATAT,1.31391964414326
309,CATCA,1.36670999935411
310,CATCC,1.91744319535712
311,CATCG,0.970912980613804
312,CATCT,1.09747189569949
313,CATGA,0.977966778451988
314,CATGC,1.86399722691163
315,CATGG,1.48025173151034
316,CATGT,1.23838666214559
317,CATTA,0.963471450986482
318,CATTC,1.19244406073912
319,CATTG,0.945683162793933
320,CATTT,0.822051569453187
321,CCAAA,0.827813278229692
322,CCAAC,0.947606931219781
323,CCAAG,0.955042259347587
324,CCAAT,0.903572497653573
325,CCACA,1.83039143377774
326,CCACC,0.957213915058707
327,CCACG,0.937127000019446
328,CCACT,0.964508323551844
329,CCAGA,0.928460167461893
330,CCAGC,0.842122054946298
331,CCAGG,1.62632870805195
332,CCAGT,0.969657856959827
333,CCATA,1.22224062738872
334,CCATC,1.8575393357288
335,CCATG,1.18915151884885
336,CCATT,1.03438862752465
337,CCCAA,0.864321985375191
338,CCCAC,1.29835463368354
339,CCCAG,1.01879443524591
340,CCCAT,1.23023157479971
341,CCCCA,0.836248805649128
342,CCCCC,0.79841262620356
343,CCCCG,1.07491264662341
344,CCCCT,1.02992959858898
345,CCCGA,0.982444332752408
346,CCCGC,0.967743144287353
347,CCCGG,1.51107016661132
348,CCCGT,0.987636679522349
349,CCCTA,0.925039623529341
350,CCCTC,0.868332455829807
351,CCCTG,1.4144046050891
352,CCCTT,0.891429838867906
353,CCGAA,0.957560027817638
354,CCGAC,0.994915016724645
355,CCGAG,1.12101668647016
356,CCGAT,0.970159946864295
357,CCGCA,1.02180571683947
358,CCGCC,0.933649545112574
359,CCGCG,1.30072339039215
360,CCGCT,1.04949907692915
361,CCGGA,1.17959001118063
362,CCGGC,1.29999242070474
363,CCGGG,2.22955692291931
364,CCGGT,1.08080017835521
365,CCGTA,0.981317520188155
366,CCGTC,1.02698554761899
367,CCGTG,1.2302612554523
368,CCGTT,0.97351628749861
369,CCTAA,0.874613954103676
370,CCTAC,1.03943087334585
371,CCTAG,1.00679214052598
372,CCTAT,1.02475303101651
373,CCTCA,0.804821235157604
374,CCTCC,0.582184032923436
375,CCTCG,1.0517506446351
376,CCTCT,0.879927404433206
377,CCTGA,1.11800786107869
378,CCTGC,1.07359306784451
379,CCTGG,2.2369810239292
380,CCTGT,1.02348126020654
381,CCTTA,0.918666939334417
382,CCTTC,0.815407082007174
383,CCTTG,1.04798714211453
384,CCTTT,0.782662868508288
385,CGAAA,0.933744419115584
386,CGAAC,0.966173122547696
387,CGAAG,1.00155870293184
388,CGAAT,0.935167298132739
389,CGACA,0.968527957448673
390,CGACC,0.960453785995628
391,CGACG,0.964822481955983
392,CGACT,0.960548117521118
393,CGAGA,0.956427199828148
394,CGAGC,1.0809227564456
395,CGAGG,1.41577403829382
396,CGAGT,0.956427199828148
397,CGATA,0.939275406186394
398,CGATC,0.95947891541168
399,CGATG,0.936273682444076
400,CGATT,0.933997407043123
401,CGCAA,0.97295183802875
402,CGCAC,1.25155301088357
403,CGCAG,1.02555934057298
404,CGCAT,1.0612692598989
405,CGCCA,0.943127426323885
406,CGCCC,0.929346566707482
407,CGCCG,1.31374471639349
408,CGCCT,1.01105555116796
409,CGCGA,1.02540429184431
410,CGCGC,1.30449337836746
411,CGCGG,1.63765897541053
412,CGCGT,1.08472108376164
413,CGCTA,0.948552756476639
414,CGCTC,0.930517622240891
415,CGCTG,1.19767742044791
416,CGCTT,0.902649361564077
417,CGGAA,1.01425833026711
418,CGGAC,1.11189306942356
419,CGGAG,1.50958858119268
420,CGGAT,0.994821376211821
421,CGGCA,1.06397652060278
422,CGGCC,1.39616434639419
423,CGGCG,1.59985725401827
424,CGGCT,1.1090002076119
425,CGGGA,1.76223432854839
426,CGGGC,1.90898003129197
427,CGGGG,3.09381293001398
428,CGGGT,1.56964815932894
429,CGGTA,0.984697143307625
430,CGGTC,1.0679115574282
431,CGGTG,1.36544145351301
432,CGGTT,1.0100911781553
433,CGTAA,0.962371486268377
434,CGTAC,1.02134018151715
435,CGTAG,0.973798486675565
436,CGTAT,0.973578999899166
437,CGTCA,1.00766381074322
438,CGTCC,1.11350620411319
439,CGTCG,1.02407066043203
440,CGTCT,0.985541667424906
441,CGTGA,0.968590736809537
442,CGTGC,1.19693015626563
443,CGTGG,1.50679185744208
444,CGTGT,1.07923702587142
445,CGTTA,0.937348205075794
446,CGTTC,0.962025729605292
447,CGTTG,1.02106083806718
448,CGTTT,0.889833970134651
449,CTAAA,0.831596604202172
450,CTAAC,0.916001151771385
451,CTAAG,0.888014014926555
452,CTAAT,0.857801640977538
453,CTACA,1.05646616809546
454,CTACC,1.02930995245967
455,CTACG,0.960139333827829
456,CTACT,0.869037942676759
457,CTAGA,0.920792132889966
458,CTAGC,0.947386211119334
459,CTAGG,1.08012594139386
460,CTAGT,0.900229243063753
461,CTATA,0.972669587731729
462,CTATC,1.08168879669193
463,CTATG,1.01916707009462
464,CTATT,0.906595287964883
465,CTCAA,0.813200969149556
466,CTCAC,1.24336168726022
467,CTCAG,0.934629816964201
468,CTCAT,1.06849538220268
469,CTCCA,0.840509259985131
470,CTCCC,0.67655339545594
471,CTCCG,1.07331682978666
472,CTCCT,0.868524871893515
473,CTCGA,0.940665025356519
474,CTCGC,1.04536323751657
475,CTCGG,1.22565850351862
476,CTCGT,0.957748805793897
477,CTCTA,0.879319544438463
478,CTCTC,0.877751540607176
479,CTCTG,1.04795628120935
480,CTCTT,0.765614293409434
481,CTGAA,0.893950201485369
482,CTGAC,0.938074947993966
483,CTGAG,1.51196448144049
484,CTGAT,0.94240146857679
485,CTGCA,1.15039509477847
486,CTGCC,0.923360107247024
487,CTGCG,1.25122799721558
488,CTGCT,1.0201916627825
489,CTGGA,1.46630416864411
490,CTGGC,1.29086029088809
491,CTGGG,3.21954643679481
492,CTGGT,1.22075381442481
493,CTGTA,0.892738044786676
494,CTGTC,1.00775719434053
495,CTGTG,1.50189356083385
496,CTGTT,0.777630028658468
497,CTTAA,0.830432830016046
498,CTTAC,0.978655912190786
499,CTTAG,0.966047498024445
500,CTTAT,0.917365971048809
501,CTTCA,0.852269887255154
502,CTTCC,0.876951335967289
503,CTTCG,0.964445489337216
504,CTTCT,0.695160842088479
505,CTTGA,0.880982973428382
506,CTTGC,0.975522667114609
507,CTTGG,1.34640079021569
508,CTTGT,0.90904390557578
509,CTTTA,0.822148735767741
510,CTTTC,0.742445277223375
511,CTTTG,0.924786150303995
512,CTTTT,0.660353395962505
513,GAAAA,0.768432741966617
514,GAAAC,0.865605710327904
515,GAAAG,1.06320757188529
516,GAAAT,0.841025414918667
517,GAACA,1.01030895719504
518,GAACC,0.940096594718382
519,GAACG,1.01590550750111
520,GAACT,0.914318384186821
521,GAAGA,1.06766571465354
522,GAAGC,1.05658938596744
523,GAAGG,1.90723420089592
524,GAAGT,1.09957839251975
525,GAATA,0.934282002095866
526,GAATC,0.883189302263875
527,GAATG,1.07975813478332
528,GAATT,0.869037942676759
529,GACAA,0.969971669470167
530,GACAC,1.55225422086394
531,GACAG,1.32120248754448
532,GACAT,1.11685244383551
533,GACCA,1.0415327801565
534,GACCC,1.13945277853668
535,GACCG,1.11374964779206
536,GACCT,1.12936438708182
537,GACGA,0.967020999782243
538,GACGC,0.997723360175289
539,GACGG,1.28467426713859
540,GACGT,1.00753929637801
541,GACTA,0.906722520470582
542,GACTC,1.12435755586428
543,GACTG,1.2361046714822
544,GACTT,0.987324050757356
545,GAGAA,0.986886335355899
546,GAGAC,1.12499508685226
547,GAGAG,1.68518542523003
548,GAGAT,1.00093528417105
549,GAGCA,1.20084449417577
550,GAGCC,1.42278609340686
551,GAGCG,1.41611633391656
552,GAGCT,1.34903469775026
553,GAGGA,2.23020400714868
554,GAGGC,1.99542529064195
555,GAGGG,3.77155359929938
556,GAGGT,1.68890001959357
557,GAGTA,0.933459791329447
558,GAGTC,1.12557182568771
559,GAGTG,1.48781389885386
560,GAGTT,1.01761422887513
561,GATAA,0.905640933766962
562,GATAC,0.991042977682105
563,GATAG,1.07825595735088
564,GATAT,1.00068589338409
565,GATCA,0.931308709926209
566,GATCC,0.98582314156023
567,GATCG,0.997130628153122
568,GATCT,0.925673246464933
569,GATGA,1.01721040564553
570,GATGC,1.03327426900593
571,GATGG,1.83573977508508
572,GATGT,1.05363126019797
573,GATTA,0.878679606403545
574,GATTC,0.901025472978796
575,GATTG,0.980221747491028
576,GATTT,0.885778012334194
577,GCAAA,0.929568140257496
578,GCAAC,0.91536621630254
579,GCAAG,1.04128554605361
580,GCAAT,0.901948929794533
581,GCACA,2.00411081253464
582,GCACC,1.10128731553729
583,GCACG,1.16227564774237
584,GCACT,0.996881034287559
585,GCAGA,1.34512672001209
586,GCAGC,1.29411126665156
587,GCAGG,2.3372169458052
588,GCAGT,1.13360840587772
589,GCATA,1.14945904781103
590,GCATC,1.06403803103593
591,GCATG,1.42608894495188
592,GCATT,0.968214047996223
593,GCCAA,0.914477161727874
594,GCCAC,0.947386211119334
595,GCCAG,1.36446097769781
596,GCCAT,1.02239532836346
597,GCCCA,1.18174980408986
598,GCCCC,1.18495765394476
599,GCCCG,1.29931982762006
600,GCCCT,1.30785165874874
601,GCCGA,1.10098219653143
602,GCCGC,1.37563773758951
603,GCCGG,2.00179625092522
604,GCCGT,1.15751499107507
605,GCCTA,1.00028060497435
606,GCCTC,0.902490181741564
607,GCCTG,1.819990318652
608,GCCTT,0.903031371023075
609,GCGAA,0.97812340867785
610,GCGAC,1.00451880711701
611,GCGAG,1.29320356401342
612,GCGAT,0.935262141335558
613,GCGCA,1.09151361507827
614,GCGCC,1.30758892381179
615,GCGCG,1.62425578505208
616,GCGCT,1.10918296764951
617,GCGGA,1.34741400722312
618,GCGGC,1.81368088725931
619,GCGGG,3.08771287825295
620,GCGGT,1.30247725140398
621,GCGTA,0.976619541809471
622,GCGTC,1.15105927247739
623,GCGTG,1.36682530463415
624,GCGTT,0.99494622981206
625,GCTAA,0.870256260129033
626,GCTAC,0.947417743200362
627,GCTAG,1.05162729914373
628,GCTAT,0.968119871049568
629,GCTCA,0.984853548174809
630,GCTCC,1.14060262352704
631,GCTCG,1.17076048506825
632,GCTCT,0.997941716185629
633,GCTGA,1.09484507727684
634,GCTGC,1.47845075109893
635,GCTGG,2.41878270134353
636,GCTGT,1.32289048681989
637,GCTTA,0.936747766995237
638,GCTTC,0.974300132038612
639,GCTTG,1.18516743658006
640,GCTTT,0.845378204419767
641,GGAAA,1.11819026927563
642,GGAAC,1.1708506665511
643,GGAAG,2.00602197762878
644,GGAAT,1.09933420964991
645,GGACA,1.54429616266806
646,GGACC,1.49536385184013
647,GGACG,1.26126344310351
648,GGACT,1.40123186996477
649,GGAGA,1.7920964634916
650,GGAGC,2.10677754383036
651,GGAGG,4.18614123723452
652,GGAGT,1.5078548095939
653,GGATA,1.08193390305902
654,GGATC,1.13375990673399
655,GGATG,1.81993799325486
656,GGATT,1.00585802773546
657,GGCAA,1.0517506446351
658,GGCAC,1.28432220920687
659,GGCAG,2.39876124963533
660,GGCAT,1.26868760178277
661,GGCCA,1.38179082351112
662,GGCCC,1.83626123699314
663,GGCCG,2.04241095847059
664,GGCCT,1.80584114738868
665,GGCGA,1.23334701476686
666,GGCGC,1.5884898560297
667,GGCGG,2.99719658971122
668,GGCGT,1.29220781646483
669,GGCTA,1.0731326620117
670,GGCTC,1.42808091653289
671,GGCTG,2.47404051074675
672,GGCTT,1.20406911857649
673,GGGAA,2.0403399149892
674,GGGAC,1.99439202442363
675,GGGAG,3.98914546691407
676,GGGAT,1.59725123596817
677,GGGCA,2.31470108563856
678,GGGCC,2.73556208199429
679,GGGCG,2.88356142785238
680,GGGCT,2.51780373228308
681,GGGGA,3.36757105120751
682,GGGGC,3.82412751529726
683,GGGGG,4.32879246308492
684,GGGGT,3.2001519630629
685,GGGTA,1.3585737999778
686,GGGTC,2.03334648533297
687,GGGTG,3.81807432323272
688,GGGTT,1.67361899387057
689,GGTAA,1.00766381074322
690,GGTAC,1.10012775734267
691,GGTAG,1.32545042567733
692,GGTAT,1.02915502809174
693,GGTCA,1.12189769292974
694,GGTCC,1.37368085442301
695,GGTCG,1.41369119970095
696,GGTCT,1.47092979099345
697,GGTGA,1.51405986159971
698,GGTGC,1.72219919781456
699,GGTGG,3.75307787892783
700,GGTGT,1.86363436924809
701,GGTTA,1.02186778471284
702,GGTTC,1.157183372353
703,GGTTG,1.54901163069613
704,GGTTT,1.07184328437424
705,GTAAA,0.885650208445223
706,GTAAC,0.930612559832517
707,GTAAG,0.975616695031791
708,GTAAT,0.865028077727172
709,GTACA,1.1573039637013
710,GTACC,1.00660533290102
711,GTACG,1.01515968783246
712,GTACT,0.952901089348491
713,GTAGA,1.03667841941308
714,GTAGC,0.952491636324789
715,GTAGG,1.28109377532677
716,GTAGT,0.995227138219986
717,GTATA,0.989449514145246
718,GTATC,0.941391252814737
719,GTATG,1.00495487456138
720,GTATT,0.865798238666765
721,GTCAA,0.939054292314925
722,GTCAC,1.08410865904884
723,GTCAG,1.20344228247239
724,GTCAT,0.961114066700289
725,GTCCA,1.06299224357447
726,GTCCC,1.15724366841604
727,GTCCG,1.16925720415117
728,GTCCT,1.11262361447836
729,GTCGA,1.00831745674991
730,GTCGC,1.0673891260759
731,GTCGG,1.45695434335085
732,GTCGT,1.00187038113537
733,GTCTA,0.946187834395808
734,GTCTC,0.919808954482962
735,GTCTG,1.46418726628279
736,GTCTT,0.961931427894681
737,GTGAA,0.954444089990913
738,GTGAC,1.05939171542292
739,GTGAG,1.51397606442547
740,GTGAT,0.949876590396332
741,GTGCA,1.41688640743298
742,GTGCC,1.25943505550842
743,GTGCG,1.37998024211997
744,GTGCT,1.18540717663528
745,GTGGA,1.73737574458375
746,GTGGC,1.7418206837723
747,GTGGG,3.9428262542772
748,GTGGT,1.63376729294459
749,GTGTA,1.07420687175485
750,GTGTC,1.11426692351602
751,GTGTG,2.26760622038271
752,GTGTT,1.02980567593433
753,GTTAA,0.858765811611047
754,GTTAC,0.921362915790443
755,GTTAG,0.983195390249356
756,GTTAT,0.899146152673677
757,GTTCA,0.974174725744894
758,GTTCC,0.97812340867785
759,GTTCG,1.00155870293184
760,GTTCT,0.941043940716149
761,GTTGA,1.00411385091826
762,GTTGC,1.00280529107177
763,GTTGG,1.59843098201826
764,GTTGT,1.00567118277465
765,GTTTA,0.834310951042804
766,GTTTC,0.855326025656465
767,GTTTG,1.13130498809803
768,GTTTT,0.710909190011658
769,TAAAA,0.691431951035076
770,TAAAC,0.878999586372308
771,TAAAG,0.847279262552855
772,TAAAT,0.824415376560463
773,TAACA,0.92440591469227
774,TAACC,0.917080344173181
775,TAACG,0.949687494218129
776,TAACT,0.859858297961027
777,TAAGA,0.891334102107049
778,TAAGC,0.921267790147056
779,TAAGG,0.900579600936149
780,TAAGT,0.896182299200067
781,TAATA,0.934503341824704
782,TAATC,0.867530636962752
783,TAATG,0.903031371023075
784,TAATT,0.753304646702819
785,TACAA,0.951609615667096
786,TACAC,2.00099091729445
787,TACAG,1.05409359076789
788,TACAT,1.32178462512035
789,TACCA,1.06514508044303
790,TACCC,1.10537398980915
791,TACCG,0.979438895407432
792,TACCT,0.928048567810722
793,TACGA,0.945903963324313
794,TACGC,0.991730186442795
795,TACGG,1.00915772447295
796,TACGT,0.976964220703995
797,TACTA,0.908948528899718
798,TACTC,0.966612781793365
799,TACTG,0.95309005557084
800,TACTT,0.846602703360926
801,TAGAA,0.844733602427695
802,TAGAC,1.04795628120935
803,TAGAG,0.965387913880798
804,TAGAT,0.996475415828867
805,TAGCA,0.953814355329333
806,TAGCC,0.924912888634791
807,TAGCG,0.979000440964516
808,TAGCT,0.910442539952628
809,TAGGA,1.05683581196758
810,TAGGC,1.02313999452539
811,TAGGG,1.37296120607154
812,TAGGT,1.03058013863108
813,TAGTA,0.874229615066074
814,TAGTC,0.913047969660619
815,TAGTG,0.991511540068663
816,TAGTT,0.887503022911691
817,TATAA,0.889833970134651
818,TATAC,1.32681709161721
819,TATAG,0.940317659291656
820,TATAT,0.95881840367446
821,TATCA,1.01332570846704
822,TATCC,1.07043070066032
823,TATCG,0.968088478312357
824,TATCT,0.91190430129809
825,TATGA,0.886544762295073
826,TATGC,1.08600691453992
827,TATGG,1.03590496652846
828,TATGT,0.946313993783049
829,TATTA,0.887982079562124
830,TATTC,0.950034164701509
831,TATTG,0.921172662567762
832,TATTT,0.651190966360554
833,TCAAA,0.812746640165173
834,TCAAC,0.939528094946869
835,TCAAG,0.833567893717084
836,TCAAT,0.922535972915427
837,TCACA,1.57000697068462
838,TCACC,1.0854252730002
839,TCACG,0.900388499897561
840,TCACT,1.03073501577369
841,TCAGA,0.988293131877206
842,TCAGC,0.876407118554154
843,TCAGG,1.21188258685054
844,TCAGT,0.873877276518328
845,TCATA,1.096158671011
846,TCATC,1.2075301280333
847,TCATG,0.991792654956951
848,TCATT,0.911586565975951
849,TCCAA,0.912063160860324
850,TCCAC,1.18070002940463
851,TCCAG,1.02624149388692
852,TCCAT,1.76382332771584
853,TCCCA,0.885234821671466
854,TCCCC,0.749128420563012
855,TCCCG,1.0221781117178
856,TCCCT,0.860725678793625
857,TCCGA,0.999968820745219
858,TCCGC,0.975836086149877
859,TCCGG,1.19211491089555
860,TCCGT,1.00822408434493
861,TCCTA,0.912317324930684
862,TCCTC,0.761022483182344
863,TCCTG,1.21286580050178
864,TCCTT,0.853428237999715
865,TCGAA,0.94303274257665
866,TCGAC,0.936937387353279
867,TCGAG,1.01562583907052
868,TCGAT,0.927573600095634
869,TCGCA,0.979344944346125
870,TCGCC,1.02856626866023
871,TCGCG,1.0752808346905
872,TCGCT,0.963942785210791
873,TCGGA,1.04060558483642
874,TCGGC,1.07291779043618
875,TCGGG,1.58983671590843
876,TCGGT,1.03027036895014
877,TCGTA,0.942212069751065
878,TCGTC,0.978655912190786
879,TCGTG,1.01391639054556
880,TCGTT,0.911586565975951
881,TCTAA,0.854393311059517
882,TCTAC,1.00445650844682
883,TCTAG,0.885841912968317
884,TCTAT,1.00292993160298
885,TCTCA,0.88203830410647
886,TCTCC,0.730668935069471
887,TCTCG,0.959636166355224
888,TCTCT,0.775471437359718
889,TCTGA,1.05637375255987
890,TCTGC,0.860725678793625
891,TCTGG,1.48168639114746
892,TCTGT,0.896022898992101
893,TCTTA,0.902394671246051
894,TCTTC,0.751693788903919
895,TCTTG,0.907008780946757
896,TCTTT,0.71843237241207
897,TGAAA,0.706562101360604
898,TGAAC,0.867979672473252
899,TGAAG,1.0485734606038
900,TGAAT,0.907835657193612
901,TGACA,1.01323243605202
902,TGACC,0.951546607822507
903,TGACG,0.945714706365416
904,TGACT,0.948269028994182
905,TGAGA,1.01248618972208
906,TGAGC,1.02239532836346
907,TGAGG,1.96691423567067
908,TGAGT,1.04384996413784
909,TGATA,0.946787061161595
910,TGATC,0.843863248709281
911,TGATG,1.04669080863628
912,TGATT,0.82033463143392
913,TGCAA,0.934756288681709
914,TGCAC,1.7610687190907
915,TGCAG,1.42426697063693
916,TGCAT,1.29534077620911
917,TGCCA,0.943064304038831
918,TGCCC,1.02230223675132
919,TGCCG,1.10860420301512
920,TGCCT,0.929853005103889
921,TGCGA,1.02441185817602
922,TGCGC,1.11846386822515
923,TGCGG,1.52861774593019
924,TGCGT,1.10000568185054
925,TGCTA,0.877015357379876
926,TGCTC,0.9875428930883
927,TGCTG,1.30279872121966
928,TGCTT,0.921014112300049
929,TGGAA,1.0715976483039
930,TGGAC,1.34391023805398
931,TGGAG,1.90738827098593
932,TGGAT,1.35386449457923
933,TGGCA,1.24933656023205
934,TGGCC,1.38259530129153
935,TGGCG,1.28361801378541
936,TGGCT,1.23951242892779
937,TGGGA,2.251603109094
938,TGGGC,2.27551607797245
939,TGGGG,4.07046580678638
940,TGGGT,2.38211147341891
941,TGGTA,1.00109114665633
942,TGGTC,1.08839394797585
943,TGGTG,1.79512218538808
944,TGGTT,1.05708222497709
945,TGTAA,0.825548284919754
946,TGTAC,1.08276104217286
947,TGTAG,1.04576463599296
948,TGTAT,0.910855692760701
949,TGTCA,1.00753929637801
950,TGTCC,0.981411431610761
951,TGTCG,1.04755507089966
952,TGTCT,0.932099663750008
953,TGTGA,0.962842931414489
954,TGTGC,1.27571788994185
955,TGTGG,2.21856678762406
956,TGTGT,1.59401226281256
957,TGTTA,0.824188761935227
958,TGTTC,0.889833970134651
959,TGTTG,0.984259181835993
960,TGTTT,0.762138051876441
961,TTAAA,0.704636144199144
962,TTAAC,0.87733545129056
963,TTAAG,0.830497491739419
964,TTAAT,0.794765231649062
965,TTACA,0.896469205877088
966,TTACC,0.989980729015998
967,TTACG,0.944642105500391
968,TTACT,0.850403051506189
969,TTAGA,0.846602703360926
970,TTAGC,0.920570142937808
971,TTAGG,1.04483827980152
972,TTAGT,0.854135977725259
973,TTATA,0.867241948497237
974,TTATC,0.952995573414567
975,TTATG,0.876599202523324
976,TTATT,0.756196222825924
977,TTCAA,0.82483620314764
978,TTCAC,1.02177468259373
979,TTCAG,0.872051096732147
980,TTCAT,1.0846292251698
981,TTCCA,0.865637798935076
982,TTCCC,0.835829005321684
983,TTCCG,0.939306993028497
984,TTCCT,0.863455271686815
985,TTCGA,0.909997565316389
986,TTCGC,0.954255178500367
987,TTCGG,1.05631214118772
988,TTCGT,0.944862955211259
989,TTCTA,0.820010610131376
990,TTCTC,0.714722007133163
991,TTCTG,0.849501553537884
992,TTCTT,0.644231638161909
993,TTGAA,0.83863772042379
994,TTGAC,0.922757869529767
995,TTGAG,1.03206674740937
996,TTGAT,0.825580649695713
997,TTGCA,0.904304510458128
998,TTGCC,0.880215310527334
999,TTGCG,1.08649666181201
1000,TTGCT,0.889610505026895
1001,TTGGA,1.10113475852395
1002,TTGGC,1.00486143496217
1003,TTGGG,1.90723420089592
1004,TTGGT,1.0670203158453
1005,TTGTA,0.826745632410502
1006,TTGTC,0.866247440621226
1007,TTGTG,1.04144006890033
1008,TTGTT,0.811480776523886
1009,TTTAA,0.667020937477524
1010,TTTAC,0.890823472930457
1011,TTTAG,0.811837849697438
1012,TTTAT,0.731923851149716
1013,TTTCA,0.737434886811665
1014,TTTCC,0.791212800327589
1015,TTTCG,0.930580914182887
1016,TTTCT,0.599302216952771
1017,TTTGA,0.779852989708194
1018,TTTGC,0.889929737624862
1019,TTTGG,1.16691112012161
1020,TTTGT,0.775569576774482
1021,TTTTA,0.591618700076266
1022,TTTTC,0.688166729415258
1023,TTTTG,0.659313877002711
1024,TTTTT,0
