MOTIF,Score
AAAA,0.0049707387784581
AAAC,0.132803523914286
AAAG,0.111911743682961
AAAT,0.0796561228755672
AACA,0.118700800081781
AACC,0.147006439134737
AACG,0.184524637746469
AACT,0.126968668811147
AAGA,0.129974736648791
AAGC,0.159583736367998
AAGG,0.221203268176506
AAGT,0.115232518955034
AATA,0.131745170347254
AATC,0.154385934335084
AATG,0.187385575716556
AATT,0.108050213879542
ACAA,0.11987046176203
ACAC,0.131275768843204
ACAG,0.139189951369558
ACAT,0.187146527875471
ACCA,0.169609376265466
ACCC,0.220047243542302
ACCG,0.258727162653078
ACCT,0.18815924352304
ACGA,0.183713881126438
ACGC,0.255648964206165
ACGG,0.239530995125303
ACGT,0.228472038814118
ACTA,0.163531462254128
ACTC,0.145761323449409
ACTG,0.185482994655155
ACTT,0.155914051553595
AGAA,0.101746349559468
AGAC,0.1823649707149
AGAG,0.222533793683423
AGAT,0.158049500197933
AGCA,0.139034669129224
AGCC,0.269122724292181
AGCG,0.358376987471768
AGCT,0.198388004115013
AGGA,0.209994239824525
AGGC,0.320196771066431
AGGG,0.578694250588802
AGGT,0.29884178764019
AGTA,0.15331486117175
AGTC,0.201512654558404
AGTG,0.275573312444503
AGTT,0.164859436910222
ATAA,0.148534033384518
ATAC,0.148723339876891
ATAG,0.184364822263421
ATAT,0.152006832301877
ATCA,0.153620999154461
ATCC,0.181220400180834
ATCG,0.214822993923909
ATCT,0.202443664292277
ATGA,0.179936923976033
ATGC,0.251483646415298
ATGG,0.272212070861682
ATGT,0.314339391562172
ATTA,0.133920795157932
ATTC,0.170385337495529
ATTG,0.215697443753154
ATTT,0.0835276329876463
CAAA,0.105311061634887
CAAC,0.139512383612397
CAAG,0.14540529117353
CAAT,0.150874182696207
CACA,0.117322255553439
CACC,0.249217938377273
CACG,0.234038530828382
CACT,0.161010453233481
CAGA,0.11767622263042
CAGC,0.251504996595485
CAGG,0.376232223707708
CAGT,0.202959272524513
CATA,0.160425979351721
CATC,0.188352566985533
CATG,0.338613311548305
CATT,0.153479716346549
CCAA,0.124147554220671
CCAC,0.224136867986506
CCAG,0.230578094760472
CCAT,0.241398267716952
CCCA,0.15369163307381
CCCC,0.406032242462674
CCCG,0.564916109359002
CCCT,0.30431457567712
CCGA,0.313296262334698
CCGC,0.607504976168091
CCGG,0.606262935397458
CCGT,0.345293296376484
CCTA,0.149976591039058
CCTC,0.346478349027443
CCTG,0.528597600193767
CCTT,0.213825852583219
CGAA,0.1942367025797
CGAC,0.26184874188965
CGAG,0.356821717846493
CGAT,0.22639437784839
CGCA,0.27143801244318
CGCC,0.600406096529438
CGCG,0.615451839120193
CGCT,0.379045799710433
CGGA,0.336791746500939
CGGC,0.583033117804415
CGGG,0.755032153301035
CGGT,0.357993195111858
CGTA,0.196833284867318
CGTC,0.34429170662797
CGTG,0.478890262511403
CGTT,0.223719876794059
CTAA,0.158834479949994
CTAC,0.16258682849833
CTAG,0.195513257284582
CTAT,0.166104266891373
CTCA,0.13852087140535
CTCC,0.433431457822917
CTCG,0.353944821659768
CTCT,0.218757525629548
CTGA,0.179202768714065
CTGC,0.463559994061587
CTGG,0.53887738167688
CTGT,0.356994645080864
CTTA,0.139536263347062
CTTC,0.234060256728595
CTTG,0.217940947048317
CTTT,0.205902112285316
GAAA,0.109490807663877
GAAC,0.152608031008328
GAAG,0.216659561554399
GAAT,0.203452214367037
GACA,0.202196975041286
GACC,0.263769748508665
GACG,0.289697910561376
GACT,0.221412310870394
GAGA,0.227105642481418
GAGC,0.372011155592697
GAGG,0.572340220162664
GAGT,0.298077888647937
GATA,0.180716373826734
GATC,0.250565157184737
GATG,0.284154649087185
GATT,0.212772234701863
GCAA,0.15323242339177
GCAC,0.225573058763922
GCAG,0.388677891432988
GCAT,0.260294461096958
GCCA,0.285177001258432
GCCC,0.459631906640775
GCCG,0.662197743223974
GCCT,0.460611045649402
GCGA,0.3326170733246
GCGC,0.645428064725923
GCGG,0.777293217425927
GCGT,0.427209308135674
GCTA,0.207498584321044
GCTC,0.453919966394979
GCTG,0.492371104472957
GCTT,0.240362523941545
GGAA,0.232842878829121
GGAC,0.326634176251141
GGAG,0.583094418126295
GGAT,0.2683672630936
GGCA,0.308891102865959
GGCC,0.611497473365864
GGCG,0.740219092101717
GGCT,0.511196065967001
GGGA,0.583707214758609
GGGC,0.797716490178975
GGGG,1
GGGT,0.661333665580865
GGTA,0.219893005903191
GGTC,0.409036933744154
GGTG,0.686473780419946
GGTT,0.336987772996683
GTAA,0.163904405138743
GTAC,0.196032450372152
GTAG,0.23777928397723
GTAT,0.192018629516393
GTCA,0.238017350812297
GTCC,0.397175881036635
GTCG,0.34467106736813
GTCT,0.302591695832636
GTGA,0.392031961669544
GTGC,0.515099350950393
GTGG,0.685111632255386
GTGT,0.7345651495821
GTTA,0.179764904688767
GTTC,0.279265981860341
GTTG,0.320655116336229
GTTT,0.175696636126017
TAAA,0.109712253393301
TAAC,0.155479363560071
TAAG,0.153350189568586
TAAT,0.152808350283989
TACA,0.130384503448968
TACC,0.176364323347447
TACG,0.200479678092563
TACT,0.132827564391412
TAGA,0.189466291747232
TAGC,0.18810237656771
TAGG,0.233875571529573
TAGT,0.178869927081915
TATA,0.157017544963327
TATC,0.156207652725839
TATG,0.211239735844384
TATT,0.130589323900441
TCAA,0.150885987744188
TCAC,0.18281099837736
TCAG,0.196619039885497
TCAT,0.159653950383765
TCCA,0.212561377846786
TCCC,0.373788630879449
TCCG,0.37588350438567
TCCT,0.315321345489648
TCGA,0.212539179801785
TCGC,0.334760612042721
TCGG,0.380276014026051
TCGT,0.254851333865204
TCTA,0.156630287032297
TCTC,0.200063940856661
TCTG,0.341515077888821
TCTT,0.187396957521851
TGAA,0.150023852796578
TGAC,0.196212976104284
TGAG,0.315100990771426
TGAT,0.269238091734404
TGCA,0.316772470011542
TGCC,0.380041357123717
TGCG,0.483031546277251
TGCT,0.321123208753999
TGGA,0.274447198227962
TGGC,0.447868247394317
TGGG,0.698957460555186
TGGT,0.359977731257897
TGTA,0.223006199043286
TGTC,0.328019546625882
TGTG,0.826257030677688
TGTT,0.227936633921092
TTAA,0.101957119862176
TTAC,0.135923949910239
TTAG,0.17265186264246
TTAT,0.143492416069767
TTCA,0.157545382391306
TTCC,0.245723830698603
TTCG,0.274478496308206
TTCT,0.161863172106233
TTGA,0.181266208163828
TTGC,0.255967838287798
TTGG,0.276531595697035
TTGT,0.255670225641965
TTTA,0.0969112505287025
TTTC,0.157709541673064
TTTG,0.213215998595328
TTTT,0
