,MOTIF,MS
1,AAAAA,-0.0152273559907976
2,AAAAC,0.00643467282115899
3,AAAAG,-0.00470996905151968
4,AAAAT,-0.0037295447076301
5,AAACA,0.00235065234719381
6,AAACC,0.0158029972743417
7,AAACG,-0.0138580543761216
8,AAACT,-0.000333625252473541
9,AAAGA,-0.000631490225802246
10,AAAGC,-0.00812646603144941
11,AAAGG,0.00413014894739445
12,AAAGT,-0.00924230531887562
13,AAATA,-0.00288248375476516
14,AAATC,0.00195095768349475
15,AAATG,0.0122166042105948
16,AAATT,-0.0143145702120773
17,AACAA,-0.00563793084787154
18,AACAC,-0.0157007440028533
19,AACAG,-0.00755642068979457
20,AACAT,-0.0209558098989119
21,AACCA,-0.0190508373699851
22,AACCC,0.00330045711720404
23,AACCG,-0.0337667737664403
24,AACCT,-0.000812792736853455
25,AACGA,-0.0144321252675815
26,AACGC,-0.0331243737189492
27,AACGG,-0.0157410955691837
28,AACGT,-0.0153462885602627
29,AACTA,-0.0133685925525194
30,AACTC,0.00119693530947932
31,AACTG,-0.0149054145014077
32,AACTT,-0.0168466106398503
33,AAGAA,-0.0107232012579166
34,AAGAC,-0.00466468939414432
35,AAGAG,0.00269133144600945
36,AAGAT,-0.00902494114634977
37,AAGCA,0.00315842197038569
38,AAGCC,0.0174644072079677
39,AAGCG,-0.0274867071342122
40,AAGCT,-0.0102629273498162
41,AAGGA,-0.00357848774774184
42,AAGGC,-0.00417232894161031
43,AAGGG,0.00337676545943021
44,AAGGT,-0.00302626817768132
45,AAGTA,-0.0143241154079497
46,AAGTC,0.0132166613064126
47,AAGTG,-0.00648293897045223
48,AAGTT,-0.011069938380149
49,AATAA,-0.00774878817080929
50,AATAC,-0.0198430476553053
51,AATAG,-0.00352038167703158
52,AATAT,-0.0129696093008344
53,AATCA,-0.0202262936162587
54,AATCC,-0.00962018702839588
55,AATCG,-0.0177700808470078
56,AATCT,-0.0223762057189477
57,AATGA,-0.00919047854811676
58,AATGC,-0.0142458396069176
59,AATGG,-0.00687907868927414
60,AATGT,0.0039931440646911
61,AATTA,-0.0199474838293049
62,AATTC,-0.0224016081912429
63,AATTG,-0.0127605595542021
64,AATTT,-0.0250779972653006
65,ACAAA,-0.0182257277337061
66,ACAAC,-0.034206336751114
67,ACAAG,-0.00686934323353689
68,ACAAT,-0.0147582888874423
69,ACACA,0.019882419926521
70,ACACC,0.00173358557014421
71,ACACG,-0.0305307220070707
72,ACACT,-0.0151439598116431
73,ACAGA,0.0142952682064035
74,ACAGC,0.00957882610565477
75,ACAGG,-0.022981139860453
76,ACAGT,0.0171503801676865
77,ACATA,-0.0262406598482554
78,ACATC,-0.0114211800195592
79,ACATG,-0.00341725762251138
80,ACATT,-0.0131171559190983
81,ACCAA,-0.0314811532742344
82,ACCAC,-0.00326887770255848
83,ACCAG,0.00733040674846863
84,ACCAT,0.00220978553795127
85,ACCCA,0.0808863261337354
86,ACCCC,0.212358062264046
87,ACCCG,-0.104413981056975
88,ACCCT,0.0762489691748004
89,ACCGA,-0.0351826428216257
90,ACCGC,-0.0806466259288666
91,ACCGG,-0.0543455578445072
92,ACCGT,-0.0503657831093383
93,ACCTA,-0.0481012738362245
94,ACCTC,0.050458476218798
95,ACCTG,0.0415461191508403
96,ACCTT,-0.000213530365131945
97,ACGAA,-0.0156248991810099
98,ACGAC,-0.0290462730357288
99,ACGAG,-0.0220144273814478
100,ACGAT,-0.0144025455802982
101,ACGCA,-0.0419405692873221
102,ACGCC,-0.0896273510876441
103,ACGCG,-0.026538824766899
104,ACGCT,-0.052261524656063
105,ACGGA,-0.0152284122949313
106,ACGGC,-0.0342737244307015
107,ACGGG,-0.0281658498026337
108,ACGGT,-0.0171708489475963
109,ACGTA,-0.0107428029411769
110,ACGTC,-0.0454848546012193
111,ACGTG,-0.0172596104260988
112,ACGTT,-0.026581040338209
113,ACTAA,-0.0163272363143694
114,ACTAC,-0.0396910506876649
115,ACTAG,-0.0220254880572804
116,ACTAT,-0.0225872144063482
117,ACTCA,-0.00524710463202427
118,ACTCC,0.0597874008267558
119,ACTCG,-0.0472768558687534
120,ACTCT,0.00592580692488164
121,ACTGA,-0.00871117122924151
122,ACTGC,-0.0187673322256907
123,ACTGG,-0.00693545475950807
124,ACTGT,0.0134981795386006
125,ACTTA,-0.027239244252912
126,ACTTC,0.00583000747758539
127,ACTTG,-0.00934169640068865
128,ACTTT,-0.0259298428034317
129,AGAAA,0.00451917868898831
130,AGAAC,0.00486715935333188
131,AGAAG,0.0105294362934857
132,AGAAT,-0.00714614805093113
133,AGACA,0.00124382349182367
134,AGACC,0.0218581483296395
135,AGACG,-0.0248417688782878
136,AGACT,0.00258869654956954
137,AGAGA,0.0166843475975408
138,AGAGC,0.0181698227800906
139,AGAGG,0.0158823038854453
140,AGAGT,0.00919408331533688
141,AGATA,-0.0181951681395904
142,AGATC,-0.00456024343887918
143,AGATG,0.00713915640506197
144,AGATT,-0.0034315099012631
145,AGCAA,-0.00912379828853194
146,AGCAC,0.0105371703341356
147,AGCAG,0.0562228089883815
148,AGCAT,-0.00637058792642296
149,AGCCA,0.0337692878662548
150,AGCCC,0.182596212585702
151,AGCCG,-0.0543087533722441
152,AGCCT,0.0835432541697134
153,AGCGA,-0.0286202443063785
154,AGCGC,-0.0590794667314147
155,AGCGG,-0.0309967779719235
156,AGCGT,-0.0217402419109657
157,AGCTA,-0.00970312895062963
158,AGCTC,0.0488878539544734
159,AGCTG,0.0487475546722238
160,AGCTT,0.010320804272296
161,AGGAA,0.0132456759669723
162,AGGAC,0.00556397873275642
163,AGGAG,0.0384362090995006
164,AGGAT,-0.00589184915920514
165,AGGCA,0.0151284048385242
166,AGGCC,0.0652016161723559
167,AGGCG,-0.0359084211523078
168,AGGCT,0.0318544374605577
169,AGGGA,0.0170489066774983
170,AGGGC,0.0432172907555163
171,AGGGG,0.00666936896082689
172,AGGGT,0.00531470251858435
173,AGGTA,-0.0166727910116673
174,AGGTC,0.00363569406613144
175,AGGTG,0.00597582577754376
176,AGGTT,-0.00621110553916545
177,AGTAA,-0.0115687129916876
178,AGTAC,-0.0199939285259912
179,AGTAG,-0.0155658744100503
180,AGTAT,-0.0155916050893746
181,AGTCA,0.00965061647761637
182,AGTCC,0.0649108275321387
183,AGTCG,-0.0340697335024273
184,AGTCT,0.017279338507547
185,AGTGA,0.00352672280578875
186,AGTGC,0.00461717337430389
187,AGTGG,0.015087133243805
188,AGTGT,0.0103488852303686
189,AGTTA,-0.0150937982125198
190,AGTTC,0.00867905663480665
191,AGTTG,-0.00744481979119418
192,AGTTT,-0.000293255159301073
193,ATAAA,-0.0145098802680751
194,ATAAC,-0.0162615109770749
195,ATAAG,-0.00790674379302759
196,ATAAT,-0.0232257671866447
197,ATACA,-0.0190544002729383
198,ATACC,-0.04261397941241
199,ATACG,-0.0110981980989495
200,ATACT,-0.030914398671436
201,ATAGA,-0.017708310786183
202,ATAGC,-0.00334298342930072
203,ATAGG,-0.00837890607248004
204,ATAGT,-0.0148939682205604
205,ATATA,-0.0185498120653914
206,ATATC,-0.0251140707195237
207,ATATG,-0.0216473406263563
208,ATATT,-0.0203373982259191
209,ATCAA,-0.0251259292055473
210,ATCAC,-0.0091034045433226
211,ATCAG,-0.00869439386478631
212,ATCAT,0.000774092995747784
213,ATCCA,0.0046066517995372
214,ATCCC,0.0921872106810163
215,ATCCG,-0.0561235568815669
216,ATCCT,0.0309055305157796
217,ATCGA,-0.019836047325793
218,ATCGC,-0.0524279523723464
219,ATCGG,-0.0154675516209926
220,ATCGT,-0.031884232140403
221,ATCTA,-0.00797005781409194
222,ATCTC,0.0174126532956976
223,ATCTG,0.00209246143166539
224,ATCTT,-0.00454173369297796
225,ATGAA,-0.00042000496888492
226,ATGAC,-0.0126135521846998
227,ATGAG,-0.0153369632959248
228,ATGAT,-0.0131805416726504
229,ATGCA,-0.00906871233518771
230,ATGCC,-0.0132639204259764
231,ATGCG,-0.0290817078319007
232,ATGCT,-0.00961694309260401
233,ATGGA,-0.000774567533466922
234,ATGGC,0.00168839230780806
235,ATGGG,-0.0118493583846385
236,ATGGT,-0.0203645758396371
237,ATGTA,-0.018608531011562
238,ATGTC,0.0222940750728407
239,ATGTG,0.000353896364632598
240,ATGTT,-0.0220092413535708
241,ATTAA,-0.0148259757247581
242,ATTAC,-0.0260770516685301
243,ATTAG,-0.015413964112221
244,ATTAT,-0.0264194776780588
245,ATTCA,-0.0120046067062133
246,ATTCC,0.0267112873828212
247,ATTCG,-0.0323637771797314
248,ATTCT,-0.00485495943193512
249,ATTGA,-0.012540850267452
250,ATTGC,-0.0191054464674852
251,ATTGG,-0.0173932824014684
252,ATTGT,-0.015829925057219
253,ATTTA,-0.0233260346345068
254,ATTTC,0.00556294021576118
255,ATTTG,0.000965007411236556
256,ATTTT,-0.0342767550289556
257,CAAAA,0.0138498243278075
258,CAAAC,0.00380670451010252
259,CAAAG,0.00348729309397416
260,CAAAT,0.0041349954691199
261,CAACA,-0.0256565961932197
262,CAACC,-0.0352782596273712
263,CAACG,-0.038330552072536
264,CAACT,-0.0148054671131165
265,CAAGA,-0.00283163275996173
266,CAAGC,-0.00359277753420887
267,CAAGG,0.004089423561008
268,CAAGT,0.0112842142158121
269,CAATA,-0.0161165136248572
270,CAATC,-0.0515930483938487
271,CAATG,-0.0264986512773786
272,CAATT,-0.0295234468645408
273,CACAA,-0.0308373460388593
274,CACAC,0.0396238333168195
275,CACAG,0.0506297070319418
276,CACAT,0.00819524970591673
277,CACCA,0.0649960888366558
278,CACCC,0.251540939394831
279,CACCG,-0.0932039622608567
280,CACCT,0.124135891200527
281,CACGA,-0.0395609197792328
282,CACGC,-0.0865766200416585
283,CACGG,-0.0397226972017274
284,CACGT,-0.0351474177196046
285,CACTA,-0.043009487905375
286,CACTC,0.0536141547359714
287,CACTG,0.0507039862232209
288,CACTT,0.0139358433673859
289,CAGAA,0.0161770951985156
290,CAGAC,0.0219344439628232
291,CAGAG,0.0532405653255735
292,CAGAT,0.00953938775529381
293,CAGCA,0.0490579162172369
294,CAGCC,0.22998287106994
295,CAGCG,-0.0579879361934899
296,CAGCT,0.10573035212265
297,CAGGA,0.0419335893749517
298,CAGGC,0.0838499923890546
299,CAGGG,0.0737824427609972
300,CAGGT,0.0159373083516885
301,CAGTA,-0.0161948882551003
302,CAGTC,0.0573322765039683
303,CAGTG,0.0507670578654214
304,CAGTT,0.0125408563837351
305,CATAA,-0.0215881164536805
306,CATAC,-0.0495486413690708
307,CATAG,-0.0200393576257522
308,CATAT,-0.0350390973886682
309,CATCA,0.0263864372350181
310,CATCC,0.142199414650126
311,CATCG,-0.0614476472664274
312,CATCT,0.0859590814082947
313,CATGA,-0.0100545729594502
314,CATGC,-0.00940969778447514
315,CATGG,0.0264798870464092
316,CATGT,0.00882327003273647
317,CATTA,-0.0275595020285025
318,CATTC,0.0502975240095986
319,CATTG,-0.0154922366735035
320,CATTT,0.0176673177410343
321,CCAAA,0.0549579900731597
322,CCAAC,-0.00148463657642577
323,CCAAG,0.0454118598415741
324,CCAAT,-0.0463783209794311
325,CCACA,0.0635218982280882
326,CCACC,0.295578746067081
327,CCACG,-0.0766732699682165
328,CCACT,0.108704883741709
329,CCAGA,0.0630180761321227
330,CCAGC,0.231190701520835
331,CCAGG,0.147607623567509
332,CCAGT,0.0819324979865189
333,CCATA,-0.0426170539999821
334,CCATC,0.18879203468386
335,CCATG,0.0468451679368015
336,CCATT,0.045835841163656
337,CCCAA,0.107372961590783
338,CCCAC,0.303561283991362
339,CCCAG,0.332814005025619
340,CCCAT,0.185101913369104
341,CCCCA,0.466584912895663
342,CCCCC,0.0949462829960138
343,CCCCG,-0.005686197449828
344,CCCCT,0.386137095338299
345,CCCGA,-0.0791473613130942
346,CCCGC,-0.0782202725497936
347,CCCGG,-0.0620964509966703
348,CCCGT,-0.0630604555775161
349,CCCTA,-0.00977517468367765
350,CCCTC,0.40698167597882
351,CCCTG,0.356761489720696
352,CCCTT,0.241973904442709
353,CCGAA,-0.0451511924833362
354,CCGAC,-0.0827171071805985
355,CCGAG,-0.0574679970561854
356,CCGAT,-0.0538975518046463
357,CCGCA,-0.0934218367388917
358,CCGCC,-0.0850153036488525
359,CCGCG,-0.0952264449233398
360,CCGCT,-0.122455756752175
361,CCGGA,-0.0598898089575851
362,CCGGC,-0.111585294329692
363,CCGGG,-0.0426012370190059
364,CCGGT,-0.0651675817901183
365,CCGTA,-0.0430979181111821
366,CCGTC,-0.0760281856186758
367,CCGTG,-0.0543457174520439
368,CCGTT,-0.0794930973985662
369,CCTAA,-0.00921783462369257
370,CCTAC,-0.0569612162268946
371,CCTAG,-0.00837264905740155
372,CCTAT,-0.0565210910480103
373,CCTCA,0.130098327865712
374,CCTCC,0.499081451598274
375,CCTCG,-0.0979087784101439
376,CCTCT,0.237269217897632
377,CCTGA,0.100932832964553
378,CCTGC,0.225999203297439
379,CCTGG,0.227370324636016
380,CCTGT,0.15039217300125
381,CCTTA,-0.0488677583626649
382,CCTTC,0.241996955200022
383,CCTTG,0.0553963486992656
384,CCTTT,0.127337778832733
385,CGAAA,-0.02665745136398
386,CGAAC,-0.0327569327689761
387,CGAAG,-0.0282802334630239
388,CGAAT,-0.0137851726296218
389,CGACA,-0.0380721066872256
390,CGACC,-0.0862477848057642
391,CGACG,-0.0267052133666836
392,CGACT,-0.0530126853338611
393,CGAGA,-0.0292914318183621
394,CGAGC,-0.0610173405160107
395,CGAGG,-0.0375897953812535
396,CGAGT,-0.0253317326314273
397,CGATA,-0.00747121174639972
398,CGATC,-0.0451310555106483
399,CGATG,-0.0344659257578488
400,CGATT,-0.0303734234213356
401,CGCAA,-0.0443446389793189
402,CGCAC,-0.0963017783707388
403,CGCAG,-0.0621935755932519
404,CGCAT,-0.059970454821408
405,CGCCA,-0.108131722725898
406,CGCCC,-0.115028491905085
407,CGCCG,-0.0937770395679528
408,CGCCT,-0.116338789097131
409,CGCGA,-0.0270453597985023
410,CGCGC,-0.0894998072244285
411,CGCGG,-0.0707075567748436
412,CGCGT,-0.0432773931762926
413,CGCTA,-0.0385870213181791
414,CGCTC,-0.125132011952572
415,CGCTG,-0.0773396822785621
416,CGCTT,-0.0905877866398216
417,CGGAA,-0.0181126539098479
418,CGGAC,-0.0444809064847382
419,CGGAG,-0.0371211106702628
420,CGGAT,-0.0213468869926546
421,CGGCA,-0.0526321484263474
422,CGGCC,-0.0935883247626714
423,CGGCG,-0.0767178575843409
424,CGGCT,-0.0551070519544674
425,CGGGA,-0.01233246564532
426,CGGGC,-0.0747223459074564
427,CGGGG,-0.0743063467186171
428,CGGGT,-0.0326667826261689
429,CGGTA,-0.022263761153615
430,CGGTC,-0.0746413693980403
431,CGGTG,-0.0353374543378673
432,CGGTT,-0.0279457136198583
433,CGTAA,-0.0143778165365592
434,CGTAC,-0.0425268003607665
435,CGTAG,-0.0176983215217159
436,CGTAT,-0.0201704610469542
437,CGTCA,-0.048665621210452
438,CGTCC,-0.0832933614639863
439,CGTCG,-0.0428816367416663
440,CGTCT,-0.0742876094620683
441,CGTGA,-0.0286001918346971
442,CGTGC,-0.0593943879536694
443,CGTGG,-0.0471379860859944
444,CGTGT,-0.0396982162194838
445,CGTTA,-0.0194846004582827
446,CGTTC,-0.0891234685687437
447,CGTTG,-0.0471573212763748
448,CGTTT,-0.0462944779730945
449,CTAAA,-0.000437144207611084
450,CTAAC,-0.0276398046593532
451,CTAAG,-0.0188305301409759
452,CTAAT,-0.0118338710986104
453,CTACA,-0.0479198989109444
454,CTACC,-0.0481731453197776
455,CTACG,-0.0471076177486374
456,CTACT,-0.0359519812950964
457,CTAGA,0.00298731223282865
458,CTAGC,-0.0252066500903588
459,CTAGG,-0.00936179796892258
460,CTAGT,-0.0218525559316151
461,CTATA,-0.0212296826873135
462,CTATC,-0.0713682684999857
463,CTATG,-0.0326511424269311
464,CTATT,-0.0333202886462983
465,CTCAA,-0.0138811214682714
466,CTCAC,0.0337033560503113
467,CTCAG,0.124743290382182
468,CTCAT,0.00358169559567675
469,CTCCA,0.178663471238336
470,CTCCC,0.487033659113116
471,CTCCG,-0.117043916893223
472,CTCCT,0.306355028104331
473,CTCGA,-0.0547675376315097
474,CTCGC,-0.114095080470259
475,CTCGG,-0.0568356282329093
476,CTCGT,-0.0783523534031917
477,CTCTA,-0.048386097137318
478,CTCTC,0.176230131635769
479,CTCTG,0.169697005523344
480,CTCTT,0.0546469565411252
481,CTGAA,0.0287641734252978
482,CTGAC,0.0223080964971226
483,CTGAG,0.0695563970672557
484,CTGAT,-0.00668959621001828
485,CTGCA,0.0467066171373227
486,CTGCC,0.241065337685912
487,CTGCG,-0.0858239658258149
488,CTGCT,0.09094802180158
489,CTGGA,0.0609528301169213
490,CTGGC,0.0609102988755366
491,CTGGG,0.173230850725657
492,CTGGT,0.0251782945660108
493,CTGTA,-0.0254469630511078
494,CTGTC,0.18660842910385
495,CTGTG,0.0914798734317785
496,CTGTT,0.0231578809402767
497,CTTAA,-0.0199919834288934
498,CTTAC,-0.0676978835308393
499,CTTAG,-0.0113844033853693
500,CTTAT,-0.0312704537275683
501,CTTCA,0.0172674678811494
502,CTTCC,0.295315743730418
503,CTTCG,-0.0900762828002488
504,CTTCT,0.0887762888074356
505,CTTGA,-0.00877599973463346
506,CTTGC,-0.0184899740206641
507,CTTGG,0.035575499867669
508,CTTGT,0.00870677773225364
509,CTTTA,-0.0294894280763222
510,CTTTC,0.0882329920335911
511,CTTTG,0.0249331130020432
512,CTTTT,0.00354078793657737
513,GAAAA,-0.00860564956233003
514,GAAAC,0.00573479635039014
515,GAAAG,-0.00884486554920694
516,GAAAT,0.00468182776451481
517,GAACA,-0.00595886649758581
518,GAACC,-0.00640719170750288
519,GAACG,-0.0173706721112273
520,GAACT,-0.00646881090365681
521,GAAGA,-0.00416078670885589
522,GAAGC,0.00793878410497293
523,GAAGG,0.00136105222625974
524,GAAGT,-0.00710831067901472
525,GAATA,-0.00719818620255065
526,GAATC,0.000793894817173274
527,GAATG,-0.00284647854343848
528,GAATT,-0.0117383405008439
529,GACAA,-0.00943956292591941
530,GACAC,-0.00914319522597232
531,GACAG,0.000338005978982823
532,GACAT,-0.00789933517512259
533,GACCA,-0.0254895549090499
534,GACCC,0.0460760246500408
535,GACCG,-0.0422418611814143
536,GACCT,-0.017648570910252
537,GACGA,-0.0153949691267992
538,GACGC,-0.0507341586650154
539,GACGG,-0.0237019234120324
540,GACGT,-0.025147413286563
541,GACTA,-0.0199352319269383
542,GACTC,0.00533318040842928
543,GACTG,-0.0163828615032525
544,GACTT,-0.0111655307002541
545,GAGAA,0.00889008604888174
546,GAGAC,-0.00825747506865777
547,GAGAG,0.018560646862421
548,GAGAT,-0.0130038611796564
549,GAGCA,0.00626683089635365
550,GAGCC,0.0155662064302995
551,GAGCG,-0.0364955221980346
552,GAGCT,0.0150307787212325
553,GAGGA,0.0136198847627404
554,GAGGC,0.0144545600904998
555,GAGGG,0.00553741769840997
556,GAGGT,-0.00569848356955382
557,GAGTA,-0.0130163292737287
558,GAGTC,0.0164852500406438
559,GAGTG,0.00263842197364974
560,GAGTT,-0.00287102053860668
561,GATAA,-0.0121270405753567
562,GATAC,-0.0155545978526931
563,GATAG,-0.0113423516508231
564,GATAT,-0.00904604115444973
565,GATCA,-0.0125285164622059
566,GATCC,-0.0148891136006724
567,GATCG,-0.0187942304067329
568,GATCT,-0.020251975024611
569,GATGA,-0.0072868891799635
570,GATGC,-0.00715392390097275
571,GATGG,-0.0238610548922625
572,GATGT,0.0090079569670596
573,GATTA,-0.0103065406127356
574,GATTC,-0.0291175558365954
575,GATTG,-0.0137613066598443
576,GATTT,-0.0173467415667837
577,GCAAA,-0.0100818276388041
578,GCAAC,-0.033463671069836
579,GCAAG,-0.0218849941064784
580,GCAAT,-0.0194444981485458
581,GCACA,-0.0073103192237973
582,GCACC,-0.0287340703097731
583,GCACG,-0.0450178221674695
584,GCACT,-0.0265822541198928
585,GCAGA,0.00504223879761738
586,GCAGC,0.0390778221482995
587,GCAGG,0.0301396437132726
588,GCAGT,-0.0135117909505563
589,GCATA,-0.0251663961586465
590,GCATC,-0.0272749589288829
591,GCATG,-0.0188806302456893
592,GCATT,-0.00940999263639153
593,GCCAA,-0.0395003675951618
594,GCCAC,0.00685565753256432
595,GCCAG,0.0347007082791422
596,GCCAT,-0.0266929203688274
597,GCCCA,0.0745747522629541
598,GCCCC,0.263176049415143
599,GCCCG,-0.102709609071212
600,GCCCT,0.119207417162465
601,GCCGA,-0.0506488795382061
602,GCCGC,-0.11579466955922
603,GCCGG,-0.0870260107432823
604,GCCGT,-0.0627744070855128
605,GCCTA,-0.0525534015589455
606,GCCTC,0.0807373060652072
607,GCCTG,0.070592576845959
608,GCCTT,-0.00794257228562693
609,GCGAA,-0.0163517287493068
610,GCGAC,-0.0467717738519138
611,GCGAG,-0.0385786501342369
612,GCGAT,-0.0184133703144216
613,GCGCA,-0.0563037559746926
614,GCGCC,-0.134866354181017
615,GCGCG,-0.0665788643149326
616,GCGCT,-0.0634113498615508
617,GCGGA,-0.025643619112881
618,GCGGC,-0.0745018431132002
619,GCGGG,-0.0811843391022341
620,GCGGT,-0.0492513254137942
621,GCGTA,-0.0159185015564524
622,GCGTC,-0.0569125954944847
623,GCGTG,-0.0453108263179954
624,GCGTT,-0.0346502014929161
625,GCTAA,-0.0134099781130168
626,GCTAC,-0.0401305999601268
627,GCTAG,-0.0163150773694016
628,GCTAT,-0.0268908565544628
629,GCTCA,-0.0147690353852625
630,GCTCC,0.0608074159675469
631,GCTCG,-0.0673547230432433
632,GCTCT,-0.000109852435448515
633,GCTGA,-0.00902904683934384
634,GCTGC,0.0337656260471753
635,GCTGG,0.0238909067768835
636,GCTGT,0.0316668074690717
637,GCTTA,-0.0261091885608588
638,GCTTC,0.00191613224142237
639,GCTTG,-0.0248708620494532
640,GCTTT,-0.0163486369919835
641,GGAAA,0.00350439542136922
642,GGAAC,-0.00539314782582424
643,GGAAG,0.00982590812577705
644,GGAAT,-0.00110245446139202
645,GGACA,0.020667167963545
646,GGACC,0.0173020366346881
647,GGACG,-0.037097251645181
648,GGACT,-0.00770847438381066
649,GGAGA,0.00591673721592828
650,GGAGC,0.0218420476132649
651,GGAGG,0.0339158919072922
652,GGAGT,0.00893276395289078
653,GGATA,-0.00977946114124851
654,GGATC,-0.00504845647376078
655,GGATG,-0.00662160110492475
656,GGATT,-0.00617614312125305
657,GGCAA,-0.0121053201149032
658,GGCAC,-0.0371132029339102
659,GGCAG,0.0350255155559646
660,GGCAT,-0.00472440786655333
661,GGCCA,0.0209168768866113
662,GGCCC,0.0859067689502078
663,GGCCG,-0.0869604506135511
664,GGCCT,0.0618235353957006
665,GGCGA,-0.0275294144056431
666,GGCGC,-0.0938019073239742
667,GGCGG,-0.0813662225420692
668,GGCGT,-0.0457565334158376
669,GGCTA,-0.0265699265730005
670,GGCTC,0.0356686081284174
671,GGCTG,0.0393305484887088
672,GGCTT,0.0123629128259459
673,GGGAA,-0.00125861702666151
674,GGGAC,0.0187010135934598
675,GGGAG,0.0347613028528019
676,GGGAT,-0.000661972972992665
677,GGGCA,-0.00116993281368416
678,GGGCC,0.0579170604203601
679,GGGCG,-0.0843650078172788
680,GGGCT,0.0444831853249473
681,GGGGA,0.0115686913015429
682,GGGGC,-0.0161660342676883
683,GGGGG,-0.084349429350402
684,GGGGT,0.0174475466506376
685,GGGTA,-0.021309895657539
686,GGGTC,0.0150032392377963
687,GGGTG,0.0179939532459716
688,GGGTT,-0.00140961478437115
689,GGTAA,-0.011964620684586
690,GGTAC,-0.0305025480649129
691,GGTAG,-0.0258599636868871
692,GGTAT,-0.0176475679320942
693,GGTCA,-0.0127931720109896
694,GGTCC,0.0121128472129953
695,GGTCG,-0.0438016042605942
696,GGTCT,0.00142351135622592
697,GGTGA,-0.00592960234633673
698,GGTGC,-0.00562524086092771
699,GGTGG,0.0244147599159939
700,GGTGT,-0.00926625380568282
701,GGTTA,-0.00617199370981127
702,GGTTC,-0.00325682616715217
703,GGTTG,-0.0228134030235953
704,GGTTT,-0.00435116550864197
705,GTAAA,-0.00544533689431033
706,GTAAC,-0.0140209041928269
707,GTAAG,-0.0164901008067965
708,GTAAT,-0.012099343557974
709,GTACA,-0.0244381544440976
710,GTACC,-0.0550301968737182
711,GTACG,-0.0140168965382411
712,GTACT,-0.033456116270654
713,GTAGA,-0.00861215771178726
714,GTAGC,-0.0214821862798258
715,GTAGG,-0.0229159353563408
716,GTAGT,-0.0129688069822477
717,GTATA,-0.00659533627316323
718,GTATC,-0.0235596780263298
719,GTATG,-0.0231194211446585
720,GTATT,-0.0202321186180704
721,GTCAA,-0.0297413391476839
722,GTCAC,0.0308505300070951
723,GTCAG,-0.0130652770271106
724,GTCAT,0.00192725674561229
725,GTCCA,0.0239598091640009
726,GTCCC,0.172016104284643
727,GTCCG,-0.0756638658028368
728,GTCCT,0.0702255364539312
729,GTCGA,-0.0230527609401222
730,GTCGC,-0.0752011124811635
731,GTCGG,-0.0390087128170123
732,GTCGT,-0.0425761654706824
733,GTCTA,-0.0298763066203861
734,GTCTC,0.015812599545751
735,GTCTG,0.0135939991125231
736,GTCTT,-0.00639763571325196
737,GTGAA,-0.0074071046686046
738,GTGAC,-0.00489265383671015
739,GTGAG,0.00964812069418052
740,GTGAT,-0.0115087898888631
741,GTGCA,-0.00198596546927783
742,GTGCC,0.00658185884904514
743,GTGCG,-0.0496673211490342
744,GTGCT,-0.00564740549842076
745,GTGGA,-0.00275762328863698
746,GTGGC,0.00398719462268352
747,GTGGG,0.0200177205970491
748,GTGGT,-0.003204947907087
749,GTGTA,-0.0195613722560067
750,GTGTC,0.018247972247491
751,GTGTG,0.0126978537076509
752,GTGTT,-0.0156226368108316
753,GTTAA,-0.00421751116577995
754,GTTAC,-0.0245924556743729
755,GTTAG,-0.00841116937376846
756,GTTAT,-0.0249454859612908
757,GTTCA,-0.0202937831616003
758,GTTCC,-0.0111423755107553
759,GTTCG,-0.0302591658290492
760,GTTCT,-0.0127119557629288
761,GTTGA,-0.013014547307875
762,GTTGC,-0.026366941976949
763,GTTGG,-0.0247704083265751
764,GTTGT,-0.0230701848410276
765,GTTTA,-0.0170637846851809
766,GTTTC,-0.013788708393775
767,GTTTG,-0.0144197394169848
768,GTTTT,-0.0245400574175055
769,TAAAA,-0.0082818446731851
770,TAAAC,-0.0117587243543652
771,TAAAG,-0.00360986265744097
772,TAAAT,-0.00814221010041079
773,TAACA,-0.0200052403142335
774,TAACC,-0.0201873281628582
775,TAACG,-0.00964650969226259
776,TAACT,-0.0185632910659951
777,TAAGA,-0.0134667893012865
778,TAAGC,-0.0139865399205317
779,TAAGG,-0.0172905859664323
780,TAAGT,-0.0122620006599627
781,TAATA,-0.0178077354259201
782,TAATC,-0.0204206531031727
783,TAATG,-0.00778128730351888
784,TAATT,-0.0235965813957594
785,TACAA,-0.0243266109277081
786,TACAC,-0.0426716021668016
787,TACAG,-0.0200358110826404
788,TACAT,-0.0348610982953184
789,TACCA,-0.0485999103084357
790,TACCC,-0.034560417228025
791,TACCG,-0.0487571031289663
792,TACCT,-0.0665812025468412
793,TACGA,-0.0110513558008164
794,TACGC,-0.0417536217183503
795,TACGG,-0.0151373991355673
796,TACGT,-0.0247212291405917
797,TACTA,-0.0229637793901916
798,TACTC,-0.0462845620180922
799,TACTG,-0.0432515731009924
800,TACTT,-0.0427589850470401
801,TAGAA,-0.00120520434886971
802,TAGAC,-0.0102082594469033
803,TAGAG,-0.0161814445656255
804,TAGAT,-0.00433880134802141
805,TAGCA,-0.00904205453490877
806,TAGCC,-0.0222029282050502
807,TAGCG,-0.0172087248062448
808,TAGCT,-0.0168067274869938
809,TAGGA,0.00282477209512706
810,TAGGC,-0.0184217693106506
811,TAGGG,-0.0113003400000518
812,TAGGT,-0.0200484927136675
813,TAGTA,-0.0180103994898132
814,TAGTC,-0.0264886050347096
815,TAGTG,-0.0153267110695156
816,TAGTT,-0.0126366499195579
817,TATAA,-0.0201611830683619
818,TATAC,-0.0177050391867229
819,TATAG,-0.00897388346444736
820,TATAT,-0.0290124592438055
821,TATCA,-0.0358960428579512
822,TATCC,-0.0527200681839069
823,TATCG,-0.0202925049402486
824,TATCT,-0.0425052141195862
825,TATGA,-0.0146330616152652
826,TATGC,-0.0293002790490084
827,TATGG,-0.0253632801736009
828,TATGT,-0.0371708988074191
829,TATTA,-0.0239778468254563
830,TATTC,-0.0270380082409734
831,TATTG,-0.0196215069532026
832,TATTT,-0.0269963536829382
833,TCAAA,-0.00273650450962403
834,TCAAC,-0.0472488613753713
835,TCAAG,-0.00558766403716811
836,TCAAT,-0.0426059390455114
837,TCACA,-0.0026637488407029
838,TCACC,0.0755194643885539
839,TCACG,-0.0477113869333665
840,TCACT,0.00244112247835708
841,TCAGA,0.0163493041943847
842,TCAGC,0.0559367272686406
843,TCAGG,0.0533431677542818
844,TCAGT,0.016318584188168
845,TCATA,-0.031037055417273
846,TCATC,0.0348822998563804
847,TCATG,-0.0104798098660351
848,TCATT,0.00366028768296028
849,TCCAA,0.00590115332905223
850,TCCAC,0.0840632967290089
851,TCCAG,0.114450838464653
852,TCCAT,0.078282591791398
853,TCCCA,0.25755667174864
854,TCCCC,0.409207281604767
855,TCCCG,-0.0746748422089693
856,TCCCT,0.410756692507232
857,TCCGA,-0.067729831649688
858,TCCGC,-0.130172866436653
859,TCCGG,-0.0688019979798362
860,TCCGT,-0.0760330582324145
861,TCCTA,-0.023314860194069
862,TCCTC,0.280265177005607
863,TCCTG,0.194630954356784
864,TCCTT,0.140521562744294
865,TCGAA,-0.0218069412976123
866,TCGAC,-0.0458726120715153
867,TCGAG,-0.0314752420057694
868,TCGAT,-0.0295594675336728
869,TCGCA,-0.0647481197980089
870,TCGCC,-0.132488476543385
871,TCGCG,-0.0389414839836511
872,TCGCT,-0.0911237067839567
873,TCGGA,-0.0198048447653003
874,TCGGC,-0.0586516838239131
875,TCGGG,-0.0390346686011542
876,TCGGT,-0.0295863610781078
877,TCGTA,-0.0245367527561439
878,TCGTC,-0.0791194784841605
879,TCGTG,-0.0508635214865486
880,TCGTT,-0.0608720403721716
881,TCTAA,-0.0167768228023536
882,TCTAC,-0.0453195559476008
883,TCTAG,-0.00396405802061466
884,TCTAT,-0.0503241241157101
885,TCTCA,0.026813578424873
886,TCTCC,0.257446396018271
887,TCTCG,-0.0904893463372216
888,TCTCT,0.0984812395924562
889,TCTGA,0.0268229524449063
890,TCTGC,0.0560791248019454
891,TCTGG,0.0560363992056018
892,TCTGT,0.0874698272146803
893,TCTTA,-0.0294574133711258
894,TCTTC,0.0823993293924684
895,TCTTG,-0.00548677301629514
896,TCTTT,-0.00969588409593942
897,TGAAA,0.0116758589250769
898,TGAAC,-0.00314296858706227
899,TGAAG,0.00688193020347677
900,TGAAT,0.00268603605555784
901,TGACA,-0.00939236617587297
902,TGACC,0.00909818736204045
903,TGACG,-0.0268714817720123
904,TGACT,0.0153472605026346
905,TGAGA,0.0108022558233392
906,TGAGC,0.0237062544596623
907,TGAGG,0.0144700397947648
908,TGAGT,0.011314389911889
909,TGATA,-0.0130449483020882
910,TGATC,-0.012818090169327
911,TGATG,0.00740428655531489
912,TGATT,-0.0321841678505181
913,TGCAA,-0.0175451573971518
914,TGCAC,0.011788164019511
915,TGCAG,0.0333904241188898
916,TGCAT,-0.00925169841101759
917,TGCCA,0.0300450727524471
918,TGCCC,0.216468414634178
919,TGCCG,-0.0829878185280343
920,TGCCT,0.0662345143897911
921,TGCGA,-0.0355162864638273
922,TGCGC,-0.0839039517742376
923,TGCGG,-0.0461114587433126
924,TGCGT,-0.0428504388339823
925,TGCTA,-0.0216639892860581
926,TGCTC,0.0211543579923947
927,TGCTG,0.071526180025481
928,TGCTT,0.000285206604846466
929,TGGAA,0.0134739522012652
930,TGGAC,0.0136594897971937
931,TGGAG,0.0350259037875755
932,TGGAT,0.00102663468602785
933,TGGCA,0.0185957660494121
934,TGGCC,0.0595970858700527
935,TGGCG,-0.0523527319024641
936,TGGCT,0.0380508400277372
937,TGGGA,0.0349758837765343
938,TGGGC,0.0690783888709389
939,TGGGG,0.0761724100897468
940,TGGGT,0.0195590923310201
941,TGGTA,-0.025336790022302
942,TGGTC,0.0123284883818343
943,TGGTG,0.0138761265181753
944,TGGTT,-0.00148030527794004
945,TGTAA,-0.00991642505254546
946,TGTAC,-0.0360091662497669
947,TGTAG,-0.00653239389542968
948,TGTAT,-0.0206780116430662
949,TGTCA,0.0419699263643816
950,TGTCC,0.208157143587197
951,TGTCG,-0.0615625268744927
952,TGTCT,0.0506528701420747
953,TGTGA,0.0145672477388116
954,TGTGC,0.00949293890543211
955,TGTGG,0.0287782500330908
956,TGTGT,0.0353531996995328
957,TGTTA,-0.0216953835120604
958,TGTTC,0.00433344285202865
959,TGTTG,-0.00961424732161704
960,TGTTT,-0.0153884437548145
961,TTAAA,-0.0107536869538676
962,TTAAC,-0.0118352231976403
963,TTAAG,-0.01166684245146
964,TTAAT,-0.0226897362702387
965,TTACA,-0.0293961239259278
966,TTACC,-0.0544603931418017
967,TTACG,-0.0210720072243326
968,TTACT,-0.0549628789475335
969,TTAGA,-0.00843842525336593
970,TTAGC,-0.01631310112929
971,TTAGG,-0.00345369653676773
972,TTAGT,-0.0235986666441155
973,TTATA,-0.028943777066746
974,TTATC,-0.0355181133857472
975,TTATG,-0.0263332804240271
976,TTATT,-0.0246193206110183
977,TTCAA,-0.0275219846823598
978,TTCAC,-0.0263543587715252
979,TTCAG,0.0314544592930093
980,TTCAT,-0.00510150104685923
981,TTCCA,0.0624179570883356
982,TTCCC,0.276847168521399
983,TTCCG,-0.0914157156692321
984,TTCCT,0.178391966906794
985,TTCGA,-0.0299898837316015
986,TTCGC,-0.0914424086930626
987,TTCGG,-0.0334204605253335
988,TTCGT,-0.0621555199050519
989,TTCTA,-0.0326114773573028
990,TTCTC,0.11019570922065
991,TTCTG,0.0314619188293186
992,TTCTT,-0.00168014597004152
993,TTGAA,-0.00297035605314302
994,TTGAC,-0.0171466737135238
995,TTGAG,-0.00415514537227256
996,TTGAT,-0.0206262849381009
997,TTGCA,-0.0161597520087503
998,TTGCC,-0.00494146321241649
999,TTGCG,-0.0419036881100527
1000,TTGCT,-0.0103848750653063
1001,TTGGA,0.0036305625349202
1002,TTGGC,0.00125273284900639
1003,TTGGG,0.00821464025404981
1004,TTGGT,-0.00184430326632678
1005,TTGTA,-0.00986068399720286
1006,TTGTC,0.0203839037757222
1007,TTGTG,-0.0219125428507602
1008,TTGTT,-0.0295239992915895
1009,TTTAA,-0.0166879346124326
1010,TTTAC,-0.0451824745740948
1011,TTTAG,-0.0163344575495419
1012,TTTAT,-0.0321150376767404
1013,TTTCA,-0.0140965272386046
1014,TTTCC,0.122989714226723
1015,TTTCG,-0.0644582158849351
1016,TTTCT,0.0397388648658726
1017,TTTGA,-0.00824302211865869
1018,TTTGC,-0.00935535844146304
1019,TTTGG,0.0169828889728455
1020,TTTGT,-0.0115422848322019
1021,TTTTA,-0.0413375823001498
1022,TTTTC,0.0123501475606316
1023,TTTTG,-0.0264330159414138
1024,TTTTT,-0.0667206928343402
