,MOTIF,Score
1,AAAAA,0.00765090642343088
2,AAAAC,0.0107741741425745
3,AAAAG,0.0111890358495394
4,AAAAT,0.00947189944153366
5,AAACA,0.0124890777377845
6,AAACC,0.0129565539194202
7,AAACG,0.0115691746127441
8,AAACT,0.0139441237190199
9,AAAGA,0.0124263126183431
10,AAAGC,0.0134018648497429
11,AAAGG,0.0138125040824644
12,AAAGT,0.0160883355843412
13,AAATA,0.00811119354907426
14,AAATC,0.0122128817402711
15,AAATG,0.0154596345600777
16,AAATT,0.00720302657508357
17,AACAA,0.0110444823678526
18,AACAC,0.0128216671174918
19,AACAG,0.0151873876199573
20,AACAT,0.0107018700226217
21,AACCA,0.0155503670718541
22,AACCC,0.0136213113723315
23,AACCG,0.013771761159997
24,AACCT,0.0228010601986022
25,AACGA,0.0116853865476931
26,AACGC,0.0129126392837546
27,AACGG,0.0128499007444089
28,AACGT,0.0114309590542796
29,AACTA,0.0103151114030203
30,AACTC,0.0208112654587377
31,AACTG,0.0150903621765531
32,AACTT,0.0156098080472187
33,AAGAA,0.0131165123570328
34,AAGAC,0.0161289842339519
35,AAGAG,0.0157537031466701
36,AAGAT,0.0119837067038467
37,AAGCA,0.0157912375936478
38,AAGCC,0.0147553955619479
39,AAGCG,0.0132105936047496
40,AAGCT,0.0168916217309244
41,AAGGA,0.0159788886989236
42,AAGGC,0.0160257959737373
43,AAGGG,0.015162349697069
44,AAGGT,0.0131572819844552
45,AAGTA,0.0105383805647806
46,AAGTC,0.0189110499829327
47,AAGTG,0.0203225385760043
48,AAGTT,0.0123384348323062
49,AATAA,0.00528939408676679
50,AATAC,0.0142073110323427
51,AATAG,0.00939320534107026
52,AATAT,0.00546954532577586
53,AATCA,0.0116885272233721
54,AATCC,0.0163665894330908
55,AATCG,0.0123070480371021
56,AATCT,0.0214303915158352
57,AATGA,0.0122034646228687
58,AATGC,0.0177067505097315
59,AATGG,0.0216107681987936
60,AATGT,0.0116068664497982
61,AATTA,0.00350509349319732
62,AATTC,0.0136526569447627
63,AATTG,0.00973941307072834
64,AATTT,0.0214646033869803
65,ACAAA,0.0150214996987635
66,ACAAC,0.0143012897171292
67,ACAAG,0.014533066051609
68,ACAAT,0.0147804436760682
69,ACACA,0.014767919697434
70,ACACC,0.0164228560806022
71,ACACG,0.0146959037762574
72,ACACT,0.0145205389744201
73,ACAGA,0.0435678176555163
74,ACAGC,0.020008008357028
75,ACAGG,0.0314416832815273
76,ACAGT,0.0298206892576646
77,ACATA,0.00911615283239149
78,ACATC,0.0124200358897234
79,ACATG,0.0153219557160156
80,ACATT,0.011176466811042
81,ACCAA,0.0144547692444601
82,ACCAC,0.0168572530485575
83,ACCAG,0.0193163168083087
84,ACCAT,0.0183870771578535
85,ACCCA,0.0383950135332018
86,ACCCC,0.0159225970646067
87,ACCCG,0.0140725928469347
88,ACCCT,0.0179408600727975
89,ACCGA,0.0130631957207449
90,ACCGC,0.0158100042888369
91,ACCGG,0.0138563792195364
92,ACCGT,0.0134112706884823
93,ACCTA,0.0142355055651495
94,ACCTC,0.0292067377092957
95,ACCTG,0.0194721449418086
96,ACCTT,0.0166072634548403
97,ACGAA,0.0115409048026066
98,ACGAC,0.0138031020169221
99,ACGAG,0.0130098762416418
100,ACGAT,0.014298157236592
101,ACGCA,0.013198049949783
102,ACGCC,0.0136745982608651
103,ACGCG,0.0124639721627412
104,ACGCT,0.0118235669472221
105,ACGGA,0.0293147464587129
106,ACGGC,0.0141446536687968
107,ACGGG,0.014298157236592
108,ACGGT,0.0143326139828286
109,ACGTA,0.0117073710703082
110,ACGTC,0.0131071037454222
111,ACGTG,0.0125298729529873
112,ACGTT,0.0104754928862495
113,ACTAA,0.0122913542700682
114,ACTAC,0.0123572664365768
115,ACTAG,0.0122097427109906
116,ACTAT,0.0123164641791024
117,ACTCA,0.0180313677459911
118,ACTCC,0.0172383668975546
119,ACTCG,0.0138689146194171
120,ACTCT,0.0426425830032618
121,ACTGA,0.015897577543301
122,ACTGC,0.0355900426802822
123,ACTGG,0.0205280197418099
124,ACTGT,0.0248395987503574
125,ACTTA,0.0103119664109174
126,ACTTC,0.0153876684379513
127,ACTTG,0.0165041245381706
128,ACTTT,0.0249728743012862
129,AGAAA,0.0121344030520529
130,AGAAC,0.0158663022613633
131,AGAAG,0.015049671285567
132,AGAAT,0.0104220352498132
133,AGACA,0.0617008134676459
134,AGACC,0.0154784074793334
135,AGACG,0.0323065759586919
136,AGACT,0.0209108492848588
137,AGAGA,0.0234810348914336
138,AGAGC,0.0173976419417204
139,AGAGG,0.0170665712571954
140,AGAGT,0.0493100467800975
141,AGATA,0.012099870478
142,AGATC,0.0142605667047564
143,AGATG,0.0262025102691178
144,AGATT,0.0102993863435952
145,AGCAA,0.0159476159599519
146,AGCAC,0.0165041245381706
147,AGCAG,0.0169666038471947
148,AGCAT,0.0145393295313561
149,AGCCA,0.0193911173428394
150,AGCCC,0.0161977704924489
151,AGCCG,0.0150934921765104
152,AGCCT,0.0285152053274227
153,AGCGA,0.013467703863129
154,AGCGC,0.0156723736781435
155,AGCGG,0.0138720484448349
156,AGCGT,0.0144109203545543
157,AGCTA,0.013596234206935
158,AGCTC,0.0246226005503774
159,AGCTG,0.0214614932652417
160,AGCTT,0.0144923524769651
161,AGGAA,0.0144297129713786
162,AGGAC,0.0145393295313561
163,AGGAG,0.0156004228649489
164,AGGAT,0.0157130392392172
165,AGGCA,0.020864170601137
166,AGGCC,0.0181561924757472
167,AGGCG,0.0132576309095858
168,AGGCT,0.085266859493744
169,AGGGA,0.0161946439469807
170,AGGGC,0.0170197127780608
171,AGGGG,0.0167103917349707
172,AGGGT,0.030523648109409
173,AGGTA,0.0130067397131574
174,AGGTC,0.0174725861265438
175,AGGTG,0.0171290458140107
176,AGGTT,0.0172133802749431
177,AGTAA,0.0085397636486206
178,AGTAC,0.0204315111193071
179,AGTAG,0.0179408600727975
180,AGTAT,0.010764743466879
181,AGTCA,0.0171009327464478
182,AGTCC,0.0143075546487664
183,AGTCG,0.0148524535095026
184,AGTCT,0.0730069370118009
185,AGTGA,0.0224779878496143
186,AGTGC,0.0752758911199262
187,AGTGG,0.0646570141642835
188,AGTGT,0.0248798932320734
189,AGTTA,0.00690958806833067
190,AGTTC,0.0169353619820138
191,AGTTG,0.0162946885537457
192,AGTTT,0.0198273423156249
193,ATAAA,0.0026402712386857
194,ATAAC,0.0106704318180294
195,ATAAG,0.00986213067207397
196,ATAAT,0.00456846441053349
197,ATACA,0.0145268025326306
198,ATACC,0.0156755018569376
199,ATACG,0.0117544791341854
200,ATACT,0.00967332812407337
201,ATAGA,0.00980234705519424
202,ATAGC,0.0126020450262942
203,ATAGG,0.0124671103940908
204,ATAGT,0.00838852458557035
205,ATATA,0.00790629736315152
206,ATATC,0.00902798366201854
207,ATATG,0.00951281792652606
208,ATATT,0.00385018000987178
209,ATCAA,0.0104975040236037
210,ATCAC,0.0177941578246376
211,ATCAG,0.0126083206125997
212,ATCAT,0.0126553862546
213,ATCCA,0.0156848863346071
214,ATCCC,0.0157318074019746
215,ATCCG,0.0131227847155944
216,ATCCT,0.0164666168399764
217,ATCGA,0.0115848797175017
218,ATCGC,0.0134426228453472
219,ATCGG,0.0128310784150352
220,ATCGT,0.0102113214408345
221,ATCTA,0.00947189944153366
222,ATCTC,0.0312692308997918
223,ATCTG,0.0120684761940146
224,ATCTT,0.023682764914975
225,ATGAA,0.0108213261870339
226,ATGAC,0.0131572819844552
227,ATGAG,0.0164791195623559
228,ATGAT,0.0144297129713786
229,ATGCA,0.0190357649617181
230,ATGCC,0.015102882117601
231,ATGCG,0.012846763714116
232,ATGCT,0.0160820817992819
233,ATGGA,0.0267254988432368
234,ATGGC,0.021660521558609
235,ATGGG,0.0177941578246376
236,ATGGT,0.0163478331803571
237,ATGTA,0.009106706507391
238,ATGTC,0.015049671285567
239,ATGTG,0.0113932605862444
240,ATGTT,0.016472868220706
241,ATTAA,0.00154629309651894
242,ATTAC,0.0116571200227005
243,ATTAG,0.00764459964910454
244,ATTAT,0.00824671718738837
245,ATTCA,0.00978661393038827
246,ATTCC,0.0127997070787687
247,ATTCG,0.0103276912725229
248,ATTCT,0.0157411913512633
249,ATTGA,0.00990617947129288
250,ATTGC,0.0162790572436912
251,ATTGG,0.0130161492690972
252,ATTGT,0.00906577140121945
253,ATTTA,0.00688749781414594
254,ATTTC,0.0116005845756129
255,ATTTG,0.0151842579138795
256,ATTTT,0.086275937423706
257,CAAAA,0.0125926315729921
258,CAAAC,0.0150528014128891
259,CAAAG,0.0186054325344241
260,CAAAT,0.011839268057261
261,CAACA,0.0149025442485326
262,CAACC,0.0234220599666653
263,CAACG,0.0130098762416418
264,CAACT,0.0163728414391592
265,CAAGA,0.0139441237190199
266,CAAGC,0.021638754768279
267,CAAGG,0.0193194336089582
268,CAAGT,0.0186179085445283
269,CAATA,0.0111136192487344
270,CAATC,0.0238410169085881
271,CAATG,0.021019757740792
272,CAATT,0.0138814498621638
273,CACAA,0.0192352765814645
274,CACAC,0.0157099111778447
275,CACAG,0.0240426743333383
276,CACAT,0.0136432533762002
277,CACCA,0.0250565498723345
278,CACCC,0.039669347435741
279,CACCG,0.0148117529364519
280,CACCT,0.0255150916301072
281,CACGA,0.0157130392392172
282,CACGC,0.0129095024502685
283,CACGG,0.014661459545747
284,CACGT,0.012683624576553
285,CACTA,0.0163540853036904
286,CACTC,0.0392233624993686
287,CACTG,0.046183665103758
288,CACTT,0.0191573470924522
289,CAGAA,0.0150590616381401
290,CAGAC,0.0204813231842706
291,CAGAG,0.049736439823309
292,CAGAT,0.0164228560806022
293,CAGCA,0.0168010108384866
294,CAGCC,0.0287838483667035
295,CAGCG,0.0164166043872189
296,CAGCT,0.0261746511342606
297,CAGGA,0.0186179085445283
298,CAGGC,0.0819349291342769
299,CAGGG,0.0303078799718057
300,CAGGT,0.0226861329584772
301,CAGTA,0.0193661844530039
302,CAGTC,0.0261622690474134
303,CAGTG,0.0731516664293962
304,CAGTT,0.0167103917349707
305,CATAA,0.00967018111291633
306,CATAC,0.0132231371023749
307,CATAG,0.013144737660744
308,CATAT,0.0100320224929703
309,CATCA,0.0142668318915247
310,CATCC,0.0160664471655263
311,CATCG,0.0128781335742109
312,CATCT,0.0170228367449817
313,CATGA,0.0199052196117713
314,CATGC,0.0172914613977197
315,CATGG,0.019200988354491
316,CATGT,0.0165853863917136
317,CATTA,0.00829398855452173
318,CATTC,0.014047526995987
319,CATTG,0.0156410913519884
320,CATTT,0.0198709543486569
321,CCAAA,0.0170353325150755
322,CCAAC,0.0146865100128686
323,CCAAG,0.0208766184631789
324,CCAAT,0.0145675147047422
325,CCACA,0.017416378514492
326,CCACC,0.023400331486037
327,CCACG,0.0123101867609538
328,CCACT,0.0205778269998313
329,CCAGA,0.0248333994552113
330,CCAGC,0.0212748682573665
331,CCAGG,0.0828596295560116
332,CCAGT,0.0187333042597666
333,CCATA,0.0148743685165637
334,CCATC,0.0181624333032467
335,CCATG,0.0214428323316763
336,CCATT,0.0155284668744621
337,CCCAA,0.0212748682573665
338,CCCAC,0.0185929563686674
339,CCCAG,0.0831783944380229
340,CCCAT,0.0167166415919611
341,CCCCA,0.0220708923526311
342,CCCCC,0.0189640557494115
343,CCCCG,0.0132795808946963
344,CCCCT,0.015203036003422
345,CCCGA,0.0146301455793611
346,CCCGC,0.0127526482289903
347,CCCGG,0.0190825290690835
348,CCCGT,0.0124294509678792
349,CCCTA,0.0137247480328148
350,CCCTC,0.0185492885626971
351,CCCTG,0.0213899577954115
352,CCCTT,0.0172852151322497
353,CCGAA,0.0133830529068504
354,CCGAC,0.0132795808946963
355,CCGAG,0.0156786300259462
356,CCGAT,0.0126020450262942
357,CCGCA,0.0143232168061455
358,CCGCC,0.017216503636913
359,CCGCG,0.0132983947841807
360,CCGCT,0.0134551634328702
361,CCGGA,0.0160977161885996
362,CCGGC,0.0155409813317005
363,CCGGG,0.0168884973540646
364,CCGGT,0.0125549768736287
365,CCGTA,0.0123698206424104
366,CCGTC,0.013072604745476
367,CCGTG,0.0133861882552416
368,CCGTT,0.0117890236373445
369,CCTAA,0.0132921235270149
370,CCTAC,0.0146207511982321
371,CCTAG,0.0188736324560992
372,CCTAT,0.0105761112736541
373,CCTCA,0.0223599161427493
374,CCTCC,0.0307486138723896
375,CCTCG,0.016529128888752
376,CCTCT,0.0229128686209086
377,CCTGA,0.0179751915338284
378,CCTGC,0.0178066439602566
379,CCTGG,0.0338129646109838
380,CCTGT,0.0174319920569693
381,CCTTA,0.013759224542192
382,CCTTC,0.0156661172911988
383,CCTTG,0.0205902784267272
384,CCTTT,0.0303787803525445
385,CGAAA,0.0124074823142905
386,CGAAC,0.0138563792195364
387,CGAAG,0.0125581148193979
388,CGAAT,0.0108496163465553
389,CGACA,0.0135930995170429
390,CGACC,0.014113323514733
391,CGACG,0.0134426228453472
392,CGACT,0.012840489624007
393,CGAGA,0.0148211455234177
394,CGAGC,0.0136526569447627
395,CGAGG,0.0139535244587664
396,CGAGT,0.013467703863129
397,CGATA,0.0110004836820849
398,CGATC,0.0190887641181712
399,CGATG,0.01263656026362
400,CGATT,0.0110004836820849
401,CGCAA,0.0141665841926168
402,CGCAC,0.0140506602617155
403,CGCAG,0.0184057952013418
404,CGCAT,0.0134081354187324
405,CGCCA,0.0170728188885179
406,CGCCC,0.0250162625084212
407,CGCCG,0.0125267349185952
408,CGCCT,0.017719237736771
409,CGCGA,0.0151936470027277
410,CGCGC,0.0128875443403494
411,CGCGG,0.0127495108935979
412,CGCGT,0.0127997070787687
413,CGCTA,0.0135836953884088
414,CGCTC,0.0241667510005924
415,CGCTG,0.0156848863346071
416,CGCTT,0.0135178640115988
417,CGGAA,0.0145080117403016
418,CGGAC,0.0140287271954478
419,CGGAG,0.0312846296430611
420,CGGAT,0.0133736468026939
421,CGGCA,0.0148681071349815
422,CGGCC,0.0152812742478775
423,CGGCG,0.0126208716670629
424,CGGCT,0.0231178182659212
425,CGGGA,0.0140537935176269
426,CGGGC,0.0149088054144951
427,CGGGG,0.0155472385015909
428,CGGGT,0.0133172083197095
429,CGGTA,0.0125738044005451
430,CGGTC,0.0132983947841807
431,CGGTG,0.0171696521830193
432,CGGTT,0.0107144450277227
433,CGTAA,0.0125204588202693
434,CGTAC,0.0120308017521922
435,CGTAG,0.0119114899883693
436,CGTAT,0.00983695905848219
437,CGTCA,0.013596234206935
438,CGTCC,0.0138313079483563
439,CGTCG,0.0120276621513045
440,CGTCT,0.0140130604250108
441,CGTGA,0.019038882636913
442,CGTGC,0.013809370070439
443,CGTGG,0.0140819923790595
444,CGTGT,0.0118015849789976
445,CGTTA,0.00924209530642766
446,CGTTC,0.0120873128826778
447,CGTTG,0.0120778945826989
448,CGTTT,0.00921061117490366
449,CTAAA,0.0118957900122628
450,CTAAC,0.0131384654398777
451,CTAAG,0.0137247480328148
452,CTAAT,0.0145424612565181
453,CTACA,0.0133172083197095
454,CTACC,0.0132607666512427
455,CTACG,0.0120778945826989
456,CTACT,0.0139691921619602
457,CTAGA,0.0156942707242093
458,CTAGC,0.0156848863346071
459,CTAGG,0.0199270241679111
460,CTAGT,0.011723074004843
461,CTATA,0.00802924011252994
462,CTATC,0.0132889878836837
463,CTATG,0.0133830529068504
464,CTATT,0.00920116574214945
465,CTCAA,0.0223568088043004
466,CTCAC,0.0704752176265738
467,CTCAG,0.0309858516940151
468,CTCAT,0.0160601932435798
469,CTCCA,0.0214210608023831
470,CTCCC,0.0272698590768142
471,CTCCG,0.0166510161453283
472,CTCCT,0.0221268389607876
473,CTCGA,0.013364240610062
474,CTCGC,0.0278571882602632
475,CTCGG,0.02382240032678
476,CTCGT,0.0119146299540119
477,CTCTA,0.012576942287235
478,CTCTC,0.0187364228780768
479,CTCTG,0.0785448599996718
480,CTCTT,0.0258278947359005
481,CTGAA,0.0192415106782396
482,CTGAC,0.0179252544735934
483,CTGAG,0.0224562388458241
484,CTGAT,0.0131917780632954
485,CTGCA,0.0376822678225361
486,CTGCC,0.0238689411314847
487,CTGCG,0.0137968339241167
488,CTGCT,0.0196778009038348
489,CTGGA,0.0805873160655544
490,CTGGC,0.0295523246514803
491,CTGGG,0.0252548640031615
492,CTGGT,0.0210882084140966
493,CTGTA,0.0165791357143405
494,CTGTC,0.0556779141063268
495,CTGTG,0.0281723490519961
496,CTGTT,0.03723845704724
497,CTTAA,0.0103622850976849
498,CTTAC,0.0199644023009208
499,CTTAG,0.013135329314692
500,CTTAT,0.00787792381282259
501,CTTCA,0.0123133254749538
502,CTTCC,0.0197806130266317
503,CTTCG,0.0126553862546
504,CTTCT,0.0164384851430714
505,CTTGA,0.0223381645708375
506,CTTGC,0.0401883944539567
507,CTTGG,0.0271368893268064
508,CTTGT,0.0230898730603299
509,CTTTA,0.00955373473726477
510,CTTTC,0.0219372294508397
511,CTTTG,0.0243435336559572
512,CTTTT,0.102519423515124
513,GAAAA,0.0121563777055788
514,GAAAC,0.0138156380846677
515,GAAAG,0.0133391569971498
516,GAAAT,0.014739740172011
517,GAACA,0.0126208716670629
518,GAACC,0.0151873876199573
519,GAACG,0.0131949140114563
520,GAACT,0.0185243346745382
521,GAAGA,0.0158756849486502
522,GAAGC,0.0137529561743513
523,GAAGG,0.0152875330430052
524,GAAGT,0.0173258151604135
525,GAATA,0.0112016047300581
526,GAATC,0.0150841021472481
527,GAATG,0.0178347371953899
528,GAATT,0.00991876448612566
529,GACAA,0.0161446178900016
530,GACAC,0.0184900220615415
531,GACAG,0.0611689038422182
532,GACAT,0.0152781448356239
533,GACCA,0.0143608049830486
534,GACCC,0.0159945247016731
535,GACCG,0.014583172791147
536,GACCT,0.018100023275524
537,GACGA,0.0142229747598195
538,GACGC,0.012843626673982
539,GACGG,0.0326203378123588
540,GACGT,0.0134206764387526
541,GACTA,0.0139973934091222
542,GACTC,0.0146489340768602
543,GACTG,0.0223195199897608
544,GACTT,0.0177598201477857
545,GAGAA,0.0147240845369791
546,GAGAC,0.0787269722734142
547,GAGAG,0.0181717944714696
548,GAGAT,0.0277891993792433
549,GAGCA,0.0164384851430714
550,GAGCC,0.0200983291391218
551,GAGCG,0.0143138195411543
552,GAGCT,0.0154283455781361
553,GAGGA,0.0159976518728851
554,GAGGC,0.0211006534876766
555,GAGGG,0.0193350174664904
556,GAGGT,0.0187832009856757
557,GAGTA,0.0181187466928205
558,GAGTC,0.0655263999611897
559,GAGTG,0.0810826284536052
560,GAGTT,0.0244923790244469
561,GATAA,0.0110476250570458
562,GATAC,0.0148962830433675
563,GATAG,0.0125267349185952
564,GATAT,0.00799771777154505
565,GATCA,0.0160320501108046
566,GATCC,0.0167885121400019
567,GATCG,0.0129502805181094
568,GATCT,0.0315186613510852
569,GATGA,0.0142668318915247
570,GATGC,0.0148336688354747
571,GATGG,0.0292067377092957
572,GATGT,0.0132294087921859
573,GATTA,0.0100823552677655
574,GATTC,0.0112990081980494
575,GATTG,0.0141791157045818
576,GATTT,0.0158287706318437
577,GCAAA,0.0138626469391189
578,GCAAC,0.0240767969515527
579,GCAAG,0.017491321295184
580,GCAAT,0.0289659905194267
581,GCACA,0.0235524209367039
582,GCACC,0.0181156261476159
583,GCACG,0.0157130392392172
584,GCACT,0.0184869026747054
585,GCAGA,0.017775428328885
586,GCAGC,0.0240612868148873
587,GCAGG,0.0211753206768544
588,GCAGT,0.0728474150207682
589,GCATA,0.012476525029049
590,GCATC,0.0156629890830479
591,GCATG,0.0198055355858346
592,GCATT,0.0145268025326306
593,GCCAA,0.01548466504077
594,GCCAC,0.0181125055926734
595,GCCAG,0.0239154797702437
596,GCCAT,0.0194814938576829
597,GCCCA,0.0533519525436009
598,GCCCC,0.0156223214865642
599,GCCCG,0.0148274071990503
600,GCCCT,0.017688019376797
601,GCCGA,0.0139190546476368
602,GCCGC,0.0135680216441543
603,GCCGG,0.0141164565743106
604,GCCGT,0.013125920880122
605,GCCTA,0.0168353814538453
606,GCCTC,0.0314847917305142
607,GCCTG,0.0220460261887165
608,GCCTT,0.0226706012372508
609,GCGAA,0.0132639023830667
610,GCGAC,0.0138344418916287
611,GCGAG,0.0139503908886701
612,GCGAT,0.0165510071826489
613,GCGCA,0.0183714785206353
614,GCGCC,0.0159476159599519
615,GCGCG,0.0152624976274561
616,GCGCT,0.0128812705060973
617,GCGGA,0.0138187720770489
618,GCGGC,0.0127557855545398
619,GCGGG,0.0129534172236843
620,GCGGT,0.0160727010483617
621,GCGTA,0.0116853865476931
622,GCGTC,0.0145142753769772
623,GCGTG,0.0217351469572712
624,GCGTT,0.0112770146958395
625,GCTAA,0.0177286030547222
626,GCTAC,0.0144140524818835
627,GCTAG,0.0170478281290268
628,GCTAT,0.0139221883159288
629,GCTCA,0.0512107811676522
630,GCTCC,0.0142355055651495
631,GCTCG,0.0137184794488584
632,GCTCT,0.0458468143803776
633,GCTGA,0.0174819537547398
634,GCTGC,0.0207241214751506
635,GCTGG,0.083681192986893
636,GCTGT,0.0242194789227275
637,GCTTA,0.0137216137457485
638,GCTTC,0.0137968339241167
639,GCTTG,0.0161821376673532
640,GCTTT,0.0243745449347923
641,GGAAA,0.014699035011111
642,GGAAC,0.0131823701598075
643,GGAAG,0.0159163422429652
644,GGAAT,0.0190794115299614
645,GGACA,0.0164384851430714
646,GGACC,0.014304422187854
647,GGACG,0.0134457580069717
648,GGACT,0.0198211118699227
649,GGAGA,0.0248984901375672
650,GGAGC,0.0179096486308508
651,GGAGG,0.0209948654251242
652,GGAGT,0.10213504127309
653,GGATA,0.0132294087921859
654,GGATC,0.0161477445918822
655,GGATG,0.0170884377960576
656,GGATT,0.0158819400246002
657,GGCAA,0.0169134920956203
658,GGCAC,0.0266790907984032
659,GGCAG,0.0247683045357826
660,GGCAT,0.0190077054475596
661,GGCCA,0.0211846536835083
662,GGCCC,0.0175412800289271
663,GGCCG,0.0138689146194171
664,GGCCT,0.0211286543369648
665,GGCGA,0.0134269468897844
666,GGCGC,0.0207676944162034
667,GGCGG,0.013135329314692
668,GGCGT,0.0202010980378286
669,GGCTA,0.0222325073481268
670,GGCTC,0.0420120809810234
671,GGCTG,0.0838214637531948
672,GGCTT,0.019459679584682
673,GGGAA,0.014263699303047
674,GGGAC,0.0187520158237433
675,GGGAG,0.0177598201477857
676,GGGAT,0.0183995558924418
677,GGGCA,0.0185461693607307
678,GGGCC,0.0185243346745382
679,GGGCG,0.0125141826825535
680,GGGCT,0.0205933912592265
681,GGGGA,0.018284121655421
682,GGGGC,0.0181218672282874
683,GGGGG,0.0239620162432586
684,GGGGT,0.0228383310617354
685,GGGTA,0.0130757410673799
686,GGGTC,0.0279468029049791
687,GGGTG,0.0222449381890555
688,GGGTT,0.0214148402783799
689,GGTAA,0.0113492772439214
690,GGTAC,0.0155409813317005
691,GGTAG,0.0160414312430674
692,GGTAT,0.011544045932088
693,GGTCA,0.0161289842339519
694,GGTCC,0.014533066051609
695,GGTCG,0.0121532384989251
696,GGTCT,0.0360376506065991
697,GGTGA,0.0179876754092546
698,GGTGC,0.0260693985087857
699,GGTGG,0.0268987365172463
700,GGTGT,0.0219092512335069
701,GGTTA,0.0103276912725229
702,GGTTC,0.0163103196194659
703,GGTTG,0.0197868437246641
704,GGTTT,0.0232668461747243
705,GTAAA,0.0103119664109174
706,GTAAC,0.0127181369983048
707,GTAAG,0.01068300721847
708,GTAAT,0.00956632418837335
709,GTACA,0.0191854024081119
710,GTACC,0.0139597915695012
711,GTACG,0.0127526482289903
712,GTACT,0.0131384654398777
713,GTAGA,0.0173976419417204
714,GTAGC,0.0196061377182927
715,GTAGG,0.0137623587113777
716,GTAGT,0.0141728499682292
717,GTATA,0.00841058170693047
718,GTATC,0.0130788773794473
719,GTATG,0.0136056382176538
720,GTATT,0.0112267420171754
721,GTCAA,0.0153376019938653
722,GTCAC,0.0428678834377482
723,GTCAG,0.0169603555522423
724,GTCAT,0.0177379682849648
725,GTCCA,0.0175725029701274
726,GTCCC,0.0183153214118951
727,GTCCG,0.01263656026362
728,GTCCT,0.0129628272813758
729,GTCGA,0.0130381045553079
730,GTCGC,0.0262922733133021
731,GTCGG,0.0137936998629804
732,GTCGT,0.0135805606592111
733,GTCTA,0.0134050001391525
734,GTCTC,0.068999370229368
735,GTCTG,0.0186989988164363
736,GTCTT,0.0470237800071801
737,GTGAA,0.014699035011111
738,GTGAC,0.0213401909719834
739,GTGAG,0.0177566984823317
740,GTGAT,0.0280611271727943
741,GTGCA,0.0764599564891872
742,GTGCC,0.0169572313901256
743,GTGCG,0.0169915966365994
744,GTGCT,0.020173071203763
745,GTGGA,0.0212219848390984
746,GTGGC,0.0489802991440055
747,GTGGG,0.0230836629085888
748,GTGGT,0.0333028911442896
749,GTGTA,0.0129220497251751
750,GTGTC,0.0235741461129467
751,GTGTG,0.0256854420885375
752,GTGTT,0.0207272338910474
753,GTTAA,0.00878862814871885
754,GTTAC,0.012840489624007
755,GTTAG,0.00934598590809531
756,GTTAT,0.00720302657508357
757,GTTCA,0.0167041418389196
758,GTTCC,0.0139378565100918
759,GTTCG,0.0109124805024705
760,GTTCT,0.0152531091850333
761,GTTGA,0.0129408703423506
762,GTTGC,0.0433457176869283
763,GTTGG,0.0224935225627231
764,GTTGT,0.0209357436919447
765,GTTTA,0.00787161847008593
766,GTTTC,0.0209730841406152
767,GTTTG,0.0181312287762618
768,GTTTT,0.0841574491124181
769,TAAAA,0.00633508280666483
770,TAAAC,0.0113304266478484
771,TAAAG,0.0116225709626174
772,TAAAT,0.00522933646093753
773,TAACA,0.0101012294051937
774,TAACC,0.0141070573661289
775,TAACG,0.0111041917737072
776,TAACT,0.0132921235270149
777,TAAGA,0.0146301455793611
778,TAAGC,0.0115063517270941
779,TAAGG,0.0115943026619656
780,TAAGT,0.0100414600812192
781,TAATA,0.0039704574118927
782,TAATC,0.010126394367637
783,TAATG,0.00862797587355754
784,TAATT,0.016138364456911
785,TACAA,0.0121375423178355
786,TACAC,0.0130694684137357
787,TACAG,0.0246226005503774
788,TACAT,0.00841688365224576
789,TACCA,0.0146489340768602
790,TACCC,0.0173414301169585
791,TACCG,0.0129973300686773
792,TACCT,0.0140757260341265
793,TACGA,0.0110036265095549
794,TACGC,0.0121061492165268
795,TACGG,0.0131572819844552
796,TACGT,0.0103559954003042
797,TACTA,0.00847044858401213
798,TACTC,0.0185243346745382
799,TACTG,0.014980806005548
800,TACTT,0.0150371506783009
801,TAGAA,0.0105635345288742
802,TAGAC,0.014282494686718
803,TAGAG,0.0244024542635147
804,TAGAT,0.00658765324715195
805,TAGCA,0.0148868911621144
806,TAGCC,0.0162728046512544
807,TAGCG,0.0135147290760304
808,TAGCT,0.0156254498219342
809,TAGGA,0.0112832986029723
810,TAGGC,0.0190638236885623
811,TAGGG,0.0156473478955067
812,TAGGT,0.0105823995867292
813,TAGTA,0.00936802192095465
814,TAGTC,0.0105352362747804
815,TAGTG,0.0143827307671213
816,TAGTT,0.00648347567011241
817,TATAA,0.000514638093825386
818,TATAC,0.00925783700047851
819,TATAG,0.00852716126696079
820,TATAT,0.00590872548208859
821,TATCA,0.0109941979975123
822,TATCC,0.011735636174934
823,TATCG,0.0099156182472658
824,TATCT,0.00998483321565775
825,TATGA,0.00910040890781624
826,TATGC,0.0117324956472057
827,TATGG,0.0127683347583105
828,TATGT,0.0106924386650214
829,TATTA,0.00650557485095354
830,TATTC,0.00881697587126102
831,TATTG,0.00865002771400228
832,TATTT,0.0592331152825031
833,TCAAA,0.011839268057261
834,TCAAC,0.0145487246774188
835,TCAAG,0.0205653754178956
836,TCAAT,0.0122003255640272
837,TCACA,0.0174694635643111
838,TCACC,0.045537175804747
839,TCACG,0.0135209989373391
840,TCACT,0.0684742969642102
841,TCAGA,0.0157161672908049
842,TCAGC,0.025034856878065
843,TCAGG,0.0190607060911248
844,TCAGT,0.0161289842339519
845,TCATA,0.00934283786661819
846,TCATC,0.0143576726889366
847,TCATG,0.0173945191454607
848,TCATT,0.0166603914728125
849,TCCAA,0.0155941660278343
850,TCCAC,0.0211286543369648
851,TCCAG,0.021053983663131
852,TCCAT,0.0144171845994027
853,TCCCA,0.0272884115898207
854,TCCCC,0.0187145923456605
855,TCCCG,0.0160852086967003
856,TCCCT,0.0203910369894366
857,TCCGA,0.0136808671198996
858,TCCGC,0.0162321618474479
859,TCCGG,0.0143482757477324
860,TCCGT,0.0115880207088554
861,TCCTA,0.0132200012427193
862,TCCTC,0.0153595063715889
863,TCCTG,0.0229035517298418
864,TCCTT,0.0233661857768464
865,TCGAA,0.011484362784672
866,TCGAC,0.013041240985417
867,TCGAG,0.0132388162531514
868,TCGAT,0.0102113214408345
869,TCGCA,0.0144359770985071
870,TCGCC,0.0260941648290925
871,TCGCG,0.0125957694006054
872,TCGCT,0.0287220977342023
873,TCGGA,0.0137435535489167
874,TCGGC,0.0237851661233997
875,TCGGG,0.01396292511014
876,TCGGT,0.0107741741425745
877,TCGTA,0.0105289476651197
878,TCGTC,0.0131384654398777
879,TCGTG,0.0116257118355857
880,TCGTT,0.00899964192052039
881,TCTAA,0.0107553127022448
882,TCTAC,0.0116288526986889
883,TCTAG,0.0148430612165965
884,TCTAT,0.00675178983172374
885,TCTCA,0.0514401962082418
886,TCTCC,0.0260570151186147
887,TCTCG,0.0334965038778816
888,TCTCT,0.026087973306519
889,TCTGA,0.0218346388267995
890,TCTGC,0.0212095412754139
891,TCTGG,0.0182217192220467
892,TCTGT,0.0700368398005235
893,TCTTA,0.0136401188336954
894,TCTTC,0.0157818541139809
895,TCTTG,0.0601880141320167
896,TCTTT,0.0737894077654079
897,TGAAA,0.0147585266105246
898,TGAAC,0.0166135139563988
899,TGAAG,0.0180688168009726
900,TGAAT,0.0129471438026955
901,TGACA,0.0192228082713213
902,TGACC,0.0191137039257704
903,TGACG,0.0139159209695252
904,TGACT,0.0148931524260838
905,TGAGA,0.0778337171420392
906,TGAGC,0.017282091984884
907,TGAGG,0.0225556590019976
908,TGAGT,0.0236331120693924
909,TGATA,0.0104000224512248
910,TGATC,0.029598599549606
911,TGATG,0.0153751520619262
912,TGATT,0.0139190546476368
913,TGCAA,0.0378413795767265
914,TGCAC,0.0185680035701801
915,TGCAG,0.0788561931250338
916,TGCAT,0.0151873876199573
917,TGCCA,0.0197027260254789
918,TGCCC,0.043625616407302
919,TGCCG,0.0132231371023749
920,TGCCT,0.0260043839995277
921,TGCGA,0.0158694298335739
922,TGCGC,0.0137874317112407
923,TGCGG,0.0156035512688256
924,TGCGT,0.0121689344336484
925,TGCTA,0.013430082100556
926,TGCTC,0.0374496743247968
927,TGCTG,0.02667599685217
928,TGCTT,0.0209886422493892
929,TGGAA,0.0200484979923048
930,TGGAC,0.0166603914728125
931,TGGAG,0.102419039423208
932,TGGAT,0.0148054911627964
933,TGGCA,0.0339726931601433
934,TGGCC,0.021763130046087
935,TGGCG,0.0292962315015952
936,TGGCT,0.0410854051193627
937,TGGGA,0.0206338571999785
938,TGGGC,0.0199114495334684
939,TGGGG,0.0266636209715115
940,TGGGT,0.0174600958191106
941,TGGTA,0.0159288518471257
942,TGGTC,0.0205373587916553
943,TGGTG,0.0362307346303267
944,TGGTT,0.0201170151790112
945,TGTAA,0.0108653327560288
946,TGTAC,0.0119837067038467
947,TGTAG,0.0193599511334111
948,TGTAT,0.0141258556941481
949,TGTCA,0.045661649893435
950,TGTCC,0.0191230561932648
951,TGTCG,0.0276068427375243
952,TGTCT,0.0248055021514565
953,TGTGA,0.0228010601986022
954,TGTGC,0.0157067831066874
955,TGTGG,0.0231643918732331
956,TGTGT,0.0240271636674133
957,TGTTA,0.0114089684539716
958,TGTTC,0.0115691746127441
959,TGTTG,0.0513647365431502
960,TGTTT,0.0774397261721891
961,TTAAA,0.00934283786661819
962,TTAAC,0.0124263126183431
963,TTAAG,0.0137278823100575
964,TTAAT,0.0107961787066685
965,TTACA,0.0106798633831855
966,TTACC,0.016819758593311
967,TTACG,0.0100131470492637
968,TTACT,0.0195500499036016
969,TTAGA,0.0127181369983048
970,TTAGC,0.0121344030520529
971,TTAGG,0.0117105116769418
972,TTAGT,0.00656239907354203
973,TTATA,0
974,TTATC,0.00691589947989833
975,TTATG,0.00738283343143661
976,TTATT,0.0561737002017863
977,TTCAA,0.0121344030520529
978,TTCAC,0.0169947206913556
979,TTCAG,0.0161665045978683
980,TTCAT,0.0110821939863375
981,TTCCA,0.0171946398982585
982,TTCCC,0.0215143640193368
983,TTCCG,0.0133799175486287
984,TTCCT,0.0230277698073805
985,TTCGA,0.0100540433936694
986,TTCGC,0.0148931524260838
987,TTCGG,0.0128781335742109
988,TTCGT,0.00860592354681862
989,TTCTA,0.00827823168042955
990,TTCTC,0.0174319920569693
991,TTCTG,0.0217227097775538
992,TTCTT,0.0654758057503665
993,TTGAA,0.0169697279800306
994,TTGAC,0.0143545403850132
995,TTGAG,0.0835788998141936
996,TTGAT,0.0158287706318437
997,TTGCA,0.0199021046363684
998,TTGCC,0.047826839988074
999,TTGCG,0.0133830529068504
1000,TTGCT,0.042176598098754
1001,TTGGA,0.0273471589437085
1002,TTGGC,0.0263882180030038
1003,TTGGG,0.0193786509756277
1004,TTGGT,0.0230277698073805
1005,TTGTA,0.0171977633187618
1006,TTGTC,0.0231923349964873
1007,TTGTG,0.0206836591869365
1008,TTGTT,0.0761066509078635
1009,TTTAA,0.0242101741973136
1010,TTTAC,0.0129095024502685
1011,TTTAG,0.0128781335742109
1012,TTTAT,0.0450695005414743
1013,TTTCA,0.0175912362669197
1014,TTTCC,0.0273378832751693
1015,TTTCG,0.0125424249920837
1016,TTTCT,0.0640253423375143
1017,TTTGA,0.0852931200881904
1018,TTTGC,0.0236765584441025
1019,TTTGG,0.0330508311072042
1020,TTTGT,0.0829590717083558
1021,TTTTA,0.0672926158120376
1022,TTTTC,0.064064088416378
1023,TTTTG,0.160028573185445
1024,TTTTT,1
