,MOTIF,IS
1,AAAAA,3.87989183355774
2,AAAAC,1.71376642047005
3,AAAAG,4.16237976308433
4,AAAAT,1.63899250124897
5,AAACA,1.94865689562305
6,AAACC,1.26983968655191
7,AAACG,1.12305874753883
8,AAACT,1.3272229753055
9,AAAGA,5.10261314672302
10,AAAGC,2.02434152728501
11,AAAGG,2.6221874875367
12,AAAGT,1.51560211232055
13,AAATA,0.838465551146073
14,AAATC,1.27795670916162
15,AAATG,1.78969485766094
16,AAATT,1.09834087556401
17,AACAA,1.83966575757832
18,AACAC,1.10014722595489
19,AACAG,1.98970520187504
20,AACAT,1.03967835193306
21,AACCA,1.36473473347663
22,AACCC,1.08962051885511
23,AACCG,0.881231678134239
24,AACCT,1.22072723487333
25,AACGA,1.07659320715327
26,AACGC,0.962082951229274
27,AACGG,1.12436506217234
28,AACGT,0.902406208491064
29,AACTA,0.757792212654411
30,AACTC,1.08726965542266
31,AACTG,1.6031685789253
32,AACTT,1.00389987961303
33,AAGAA,8.77583791496554
34,AAGAC,2.29156906406405
35,AAGAG,5.26335281386803
36,AAGAT,3.51148563764083
37,AAGCA,2.47378245693513
38,AAGCC,1.76180787907248
39,AAGCG,1.39216048934127
40,AAGCT,2.03554517525693
41,AAGGA,3.95644726680635
42,AAGGC,2.04341694347095
43,AAGGG,1.77142148467571
44,AAGGT,1.53306627855057
45,AAGTA,1.11327833985592
46,AAGTC,1.38369966374646
47,AAGTG,1.69386300788588
48,AAGTT,1.18220727008171
49,AATAA,0.531901512866215
50,AATAC,0.821566539129077
51,AATAG,0.826862244437171
52,AATAT,0.556714602781942
53,AATCA,1.20832097639272
54,AATCC,1.03858782468508
55,AATCG,0.802170813001872
56,AATCT,0.931302567347212
57,AATGA,1.65815565208079
58,AATGC,1.05602160927297
59,AATGG,1.39180992767952
60,AATGT,0.933186131890725
61,AATTA,0.659828252843944
62,AATTC,0.879199452983846
63,AATTG,1.12778767550543
64,AATTT,0.717250263580635
65,ACAAA,1.69382052637466
66,ACAAC,1.17911728278055
67,ACAAG,1.94505588027193
68,ACAAT,0.845977111512536
69,ACACA,1.2593618242687
70,ACACC,1.1508588756591
71,ACACG,0.877213004553016
72,ACACT,0.950626228959503
73,ACAGA,2.3099287902112
74,ACAGC,1.74339747274651
75,ACAGG,1.65717493743029
76,ACAGT,1.25780694271739
77,ACATA,0.682432385550222
78,ACATC,1.10240469242431
79,ACATG,1.12864314073983
80,ACATT,0.840691803332605
81,ACCAA,1.44617109408635
82,ACCAC,1.10371378300928
83,ACCAG,1.65623677003388
84,ACCAT,0.993816285485825
85,ACCCA,1.15395784950965
86,ACCCC,1.11864300667804
87,ACCCG,0.877905997745234
88,ACCCT,1.05456998648921
89,ACCGA,0.973068726702123
90,ACCGC,0.905401058643242
91,ACCGG,0.969362414123643
92,ACCGT,0.848665026350625
93,ACCTA,0.916543017756686
94,ACCTC,1.15508042255268
95,ACCTG,1.43814965129963
96,ACCTT,0.87360864403711
97,ACGAA,1.16369746898905
98,ACGAC,1.04485668772707
99,ACGAG,1.27227994075003
100,ACGAT,0.92224718043719
101,ACGCA,0.933783283538312
102,ACGCC,0.897612529898509
103,ACGCG,0.816732853741309
104,ACGCT,0.81849928645905
105,ACGGA,1.04126848508907
106,ACGGC,0.972428230386445
107,ACGGG,1.05588552883738
108,ACGGT,0.803474375614831
109,ACGTA,0.79877141754315
110,ACGTC,0.863759159809563
111,ACGTG,0.881231678134239
112,ACGTT,0.746841453954466
113,ACTAA,0.732924640212548
114,ACTAC,0.884879381069414
115,ACTAG,0.855242650410472
116,ACTAT,0.70220917246986
117,ACTCA,1.12450018815867
118,ACTCC,1.12260825354508
119,ACTCG,0.88944862314978
120,ACTCT,1.02667494456598
121,ACTGA,1.5299129443605
122,ACTGC,1.02480939458619
123,ACTGG,1.36693164125572
124,ACTGT,0.974944223388004
125,ACTTA,0.714384848861978
126,ACTTC,1.08604879071216
127,ACTTG,1.02990468526223
128,ACTTT,0.847877266171567
129,AGAAA,5.6759844776967
130,AGAAC,2.36206472774152
131,AGAAG,8.50696058459033
132,AGAAT,1.77529797055736
133,AGACA,2.07549405944948
134,AGACC,1.48630959741901
135,AGACG,1.27347765977194
136,AGACT,1.40687268450037
137,AGAGA,4.17338269891192
138,AGAGC,2.22100152948769
139,AGAGG,4.02130827005688
140,AGAGT,1.4551873190667
141,AGATA,1.43950155336861
142,AGATC,1.5438144897904
143,AGATG,3.47002309371347
144,AGATT,1.22282313332799
145,AGCAA,2.23913329272176
146,AGCAC,1.38106785529731
147,AGCAG,3.07067179031664
148,AGCAT,1.23801603897173
149,AGCCA,1.83041261294155
150,AGCCC,1.45091980959027
151,AGCCG,1.22866251092608
152,AGCCT,1.36513021348923
153,AGCGA,1.37035782712831
154,AGCGC,1.2041671473913
155,AGCGG,1.42623607266189
156,AGCGT,0.956860359145657
157,AGCTA,1.23476559401458
158,AGCTC,1.40962874603213
159,AGCTG,2.21089580382894
160,AGCTT,1.15925525750927
161,AGGAA,5.03320906252083
162,AGGAC,1.86599530102131
163,AGGAG,5.13678747630203
164,AGGAT,2.076188439015
165,AGGCA,1.77896235748286
166,AGGCC,1.66616822398922
167,AGGCG,1.39421978404553
168,AGGCT,1.43823687645699
169,AGGGA,1.76159694790648
170,AGGGC,1.33233872321859
171,AGGGG,1.3992128590266
172,AGGGT,1.02640195959492
173,AGGTA,1.02162348229096
174,AGGTC,1.17011041803047
175,AGGTG,1.65457343273699
176,AGGTT,0.95947200562379
177,AGTAA,0.817151248370314
178,AGTAC,0.978099731094674
179,AGTAG,1.1460962093938
180,AGTAT,0.633524441283674
181,AGTCA,1.26069438212921
182,AGTCC,1.25847335095356
183,AGTCG,0.960113355426445
184,AGTCT,1.07672899826193
185,AGTGA,1.99814939947037
186,AGTGC,1.13701372505851
187,AGTGG,1.56406997569735
188,AGTGT,0.899733102128944
189,AGTTA,0.902175797213298
190,AGTTC,1.03836061612197
191,AGTTG,1.08505389877453
192,AGTTT,0.818034466837346
193,ATAAA,0.919349515720326
194,ATAAC,0.602873235653219
195,ATAAG,0.782782994667538
196,ATAAT,0.249031466822103
197,ATACA,0.805289761099641
198,ATACC,0.848247984789548
199,ATACG,0.711800554524252
200,ATACT,0.793040980983588
201,ATAGA,1.15570900688454
202,ATAGC,0.848433338801466
203,ATAGG,0.906230238794531
204,ATAGT,0.613512457727905
205,ATATA,0.220108865473421
206,ATATC,0.615363633707843
207,ATATG,0.689217527953709
208,ATATT,0.334407638703334
209,ATCAA,1.18637048340134
210,ATCAC,0.984681843626343
211,ATCAG,1.46654370621896
212,ATCAT,0.783249501484022
213,ATCCA,1.11093318665164
214,ATCCC,1.06753618903107
215,ATCCG,0.82500443047251
216,ATCCT,1.03876958771525
217,ATCGA,0.998106512336195
218,ATCGC,0.829880435703557
219,ATCGG,0.872453117644763
220,ATCGT,0.716686642114358
221,ATCTA,0.700703783633069
222,ATCTC,1.00722836467148
223,ATCTG,1.24433571326687
224,ATCTT,0.788566098765603
225,ATGAA,3.17341615409796
226,ATGAC,1.47762623945073
227,ATGAG,2.20779353578537
228,ATGAT,1.94915348281374
229,ATGCA,1.10308183023583
230,ATGCC,1.1326943227658
231,ATGCG,0.84338117856679
232,ATGCT,1.13323435293669
233,ATGGA,1.88492521040761
234,ATGGC,1.20197785724568
235,ATGGG,1.11427034991139
236,ATGGT,0.919395517139701
237,ATGTA,0.667384536668847
238,ATGTC,0.963411058182147
239,ATGTG,1.17051388885033
240,ATGTT,0.74656050313088
241,ATTAA,0.570218054942385
242,ATTAC,0.735831478191146
243,ATTAG,0.713163267998708
244,ATTAT,0.270347501206684
245,ATTCA,0.956264622283693
246,ATTCC,0.975035701783606
247,ATTCG,0.773261369682818
248,ATTCT,0.860103528249136
249,ATTGA,1.23975213310002
250,ATTGC,0.915576658969393
251,ATTGG,1.07659320715327
252,ATTGT,0.597882092444784
253,ATTTA,0.381581922695089
254,ATTTC,0.689264630457417
255,ATTTG,0.954889705671656
256,ATTTT,0.423737596657169
257,CAAAA,1.90481609590936
258,CAAAC,1.10524835458542
259,CAAAG,2.38472481348401
260,CAAAT,0.977733927575722
261,CAACA,1.30708668214504
262,CAACC,1.07283556803963
263,CAACG,0.914103927651226
264,CAACT,0.974669783040307
265,CAAGA,2.95885145672857
266,CAAGC,1.64283669317896
267,CAAGG,1.97551893777137
268,CAAGT,1.21144634496164
269,CAATA,0.722462214845375
270,CAATC,0.82500443047251
271,CAATG,1.09545001717689
272,CAATT,0.820590699985112
273,CACAA,1.17073803207609
274,CACAC,1.0270844076614
275,CACAG,1.75176248020831
276,CACAT,0.950259390988601
277,CACCA,1.40218996478828
278,CACCC,1.02376270990622
279,CACCG,0.969087816275945
280,CACCT,1.10597042217034
281,CACGA,0.906598740623777
282,CACGC,0.856261321189182
283,CACGG,0.928637389666309
284,CACGT,0.815663541270445
285,CACTA,0.771439997510581
286,CACTC,0.923580736089093
287,CACTG,1.16517775553704
288,CACTT,0.921373372441216
289,CAGAA,3.2613918742595
290,CAGAC,1.40704769574767
291,CAGAG,2.43929601027068
292,CAGAT,1.71084075318189
293,CAGCA,2.36420622409088
294,CAGCC,1.60136748244713
295,CAGCG,1.28611126513437
296,CAGCT,1.56514621484434
297,CAGGA,2.5449600362266
298,CAGGC,1.39386929657828
299,CAGGG,1.40490359100871
300,CAGGT,1.28083817552784
301,CAGTA,0.933369874762994
302,CAGTC,1.17714634353204
303,CAGTG,1.70604754197451
304,CAGTT,1.12508571241363
305,CATAA,0.648388210898423
306,CATAC,0.813710580404648
307,CATAG,0.820915990575178
308,CATAT,0.598642812979212
309,CATCA,1.24936181838953
310,CATCC,1.10520322358196
311,CATCG,0.961808147843646
312,CATCT,1.13327935409791
313,CATGA,1.225854698086
314,CATGC,0.921051423395467
315,CATGG,1.19840244690439
316,CATGT,0.88621806816984
317,CATTA,0.734518820196856
318,CATTC,0.893831232686352
319,CATTG,1.05946834558835
320,CATTT,0.766721525045474
321,CCAAA,1.76750129261871
322,CCAAC,1.06912177596365
323,CCAAG,2.23041335839879
324,CCAAT,0.941359332897451
325,CCACA,1.28557965455546
326,CCACC,1.17472691771298
327,CCACG,0.868754510653591
328,CCACT,1.01119370265497
329,CCAGA,2.13466490830696
330,CCAGC,1.47879894537849
331,CCAGG,1.70086991813842
332,CCAGT,1.26873027773062
333,CCATA,0.776529644224427
334,CCATC,1.13863300664661
335,CCATG,1.14641079699906
336,CCATT,0.934655977713928
337,CCCAA,1.55131824631533
338,CCCAC,1.033497080669
339,CCCAG,1.64450203808656
340,CCCAT,1.01078357021658
341,CCCCA,1.40560375879856
342,CCCCC,1.00517669343877
343,CCCCG,0.935253039155149
344,CCCCT,1.07070710452971
345,CCCGA,0.995687787276033
346,CCCGC,0.797280897056776
347,CCCGG,1.0270844076614
348,CCCGT,0.853204988822352
349,CCCTA,0.88534101811839
350,CCCTC,1.17176902440871
351,CCCTG,1.35844883758758
352,CCCTT,0.94548923825519
353,CCGAA,1.08387798621366
354,CCGAC,0.959609441283541
355,CCGAG,1.27037215785465
356,CCGAT,0.842175688496452
357,CCGCA,0.953193707541292
358,CCGCC,0.985321533784409
359,CCGCG,0.833686664899951
360,CCGCT,0.883725192606824
361,CCGGA,1.03017757197086
362,CCGGC,0.962311948121511
363,CCGGG,1.13129910606886
364,CCGGT,0.830112565485
365,CCGTA,0.775315841840076
366,CCGTC,0.851630139788421
367,CCGTG,0.964143729246479
368,CCGTT,0.725512962664281
369,CCTAA,0.962220350011411
370,CCTAC,0.935023404475464
371,CCTAG,1.04208616666722
372,CCTAT,0.778770112392592
373,CCTCA,1.31821978502948
374,CCTCC,1.34251811276547
375,CCTCG,0.983310937355885
376,CCTCT,1.17365142419311
377,CCTGA,1.55933310857626
378,CCTGC,1.25180721360727
379,CCTGG,1.47067396874857
380,CCTGT,1.0829733413663
381,CCTTA,0.820358342904669
382,CCTTC,0.999977189115103
383,CCTTG,0.999794699896604
384,CCTTT,0.973617689985612
385,CGAAA,0.957547702507403
386,CGAAC,0.844957363316427
387,CGAAG,1.56424218196151
388,CGAAT,0.792108883570687
389,CGACA,1.07881089130047
390,CGACC,0.920959435996985
391,CGACG,0.994637964749713
392,CGACT,0.914472131381243
393,CGAGA,1.55498177143204
394,CGAGC,1.03731538838352
395,CGAGG,1.38874197420606
396,CGAGT,0.945626871579365
397,CGATA,0.723119379827364
398,CGATC,0.842871181765856
399,CGATG,1.02913146468608
400,CGATT,0.751943981953251
401,CGCAA,0.963594231120983
402,CGCAC,0.827373081090199
403,CGCAG,1.14730956268216
404,CGCAT,0.812594426730498
405,CGCCA,1.07134116363237
406,CGCCC,0.807523616782568
407,CGCCG,0.95108475697316
408,CGCCT,0.932359246019741
409,CGCGA,0.81436161091924
410,CGCGC,0.793786594623533
411,CGCGG,0.859548122254486
412,CGCGT,0.769431422629285
413,CGCTA,0.827187325410635
414,CGCTC,0.855057426081915
415,CGCTG,0.922982957883575
416,CGCTT,0.780216807257685
417,CGGAA,1.2377489200687
418,CGGAC,0.93185389227756
419,CGGAG,1.2691296794799
420,CGGAT,0.853066041808351
421,CGGCA,1.1087679279985
422,CGGCC,0.954843871771423
423,CGGCG,1.05534118806075
424,CGGCT,1.01666048372877
425,CGGGA,1.38361194826713
426,CGGGC,1.04916986313699
427,CGGGG,0.954889705671656
428,CGGGT,0.840181665532304
429,CGGTA,0.787213906543172
430,CGGTC,0.840830927181393
431,CGGTG,0.918705473010015
432,CGGTT,0.722556098274826
433,CGTAA,0.755453342206145
434,CGTAC,0.726732993988593
435,CGTAG,0.881139313472226
436,CGTAT,0.666062610576456
437,CGTCA,0.916220908825813
438,CGTCC,0.846904062585715
439,CGTCG,0.828208937761962
440,CGTCT,0.832897690948693
441,CGTGA,1.04322172153153
442,CGTGC,0.886310384628798
443,CGTGG,0.9090397127712
444,CGTGT,0.721851950470377
445,CGTTA,0.677151779118056
446,CGTTC,0.814966100248978
447,CGTTG,0.738456262985087
448,CGTTT,0.662142988264777
449,CTAAA,1.0503045915609
450,CTAAC,0.794485555518354
451,CTAAG,1.09219677441719
452,CTAAT,0.657182166409552
453,CTACA,1.06123659157674
454,CTACC,0.888110380517743
455,CTACG,0.845838061233971
456,CTACT,0.848943044126883
457,CTAGA,1.19357355774606
458,CTAGC,0.877074399991043
459,CTAGG,1.01310742546553
460,CTAGT,0.785628338363522
461,CTATA,0.603918674623092
462,CTATC,0.728422015597063
463,CTATG,0.88529485539917
464,CTATT,0.611518489606485
465,CTCAA,1.30239990119763
466,CTCAC,0.934931549085959
467,CTCAG,1.54208866983948
468,CTCAT,0.985275843025072
469,CTCCA,1.42824451109301
470,CTCCC,1.14281490376553
471,CTCCG,0.971833446049646
472,CTCCT,1.29784360116313
473,CTCGA,0.92450032315379
474,CTCGC,0.848155306459345
475,CTCGG,0.993542376975909
476,CTCGT,0.885571828429048
477,CTCTA,0.88243233895143
478,CTCTC,1.04508374463671
479,CTCTG,1.40503487630755
480,CTCTT,0.990117869786705
481,CTGAA,2.30574103373845
482,CTGAC,1.16302453700516
483,CTGAG,1.78064667003909
484,CTGAT,1.3132733120393
485,CTGCA,1.57203132761697
486,CTGCC,1.31274318359873
487,CTGCG,0.911341955412086
488,CTGCT,1.26983968655191
489,CTGGA,2.08439470139548
490,CTGGC,1.24179943575569
491,CTGGG,1.30209031730957
492,CTGGT,1.05588552883738
493,CTGTA,0.832665627609686
494,CTGTC,1.01274293585563
495,CTGTG,1.34582082035284
496,CTGTT,0.985549984362489
497,CTTAA,0.795277650499656
498,CTTAC,0.83869747618543
499,CTTAG,0.878922298480078
500,CTTAT,0.49972730599439
501,CTTCA,1.26176029702227
502,CTTCC,1.12954354920535
503,CTTCG,0.86889323379369
504,CTTCT,1.03808795884198
505,CTTGA,1.12139181555822
506,CTTGC,0.956035483007862
507,CTTGG,1.15494572062628
508,CTTGT,0.77172023080869
509,CTTTA,0.744172093506704
510,CTTTC,0.987742837020645
511,CTTTG,1.07532573207034
512,CTTTT,0.772700983792115
513,GAAAA,4.57719627508615
514,GAAAC,2.04526096821341
515,GAAAG,3.59881035114862
516,GAAAT,1.84301314394355
517,GAACA,1.9476222575606
518,GAACC,1.39570921493663
519,GAACG,1.33859744458992
520,GAACT,1.45967054197048
521,GAAGA,9.72910976719709
522,GAAGC,3.05960279034911
523,GAAGG,3.85624600749096
524,GAAGT,2.12137975913014
525,GAATA,0.911802338572689
526,GAATC,1.25620737668815
527,GAATG,1.34687745003599
528,GAATT,1.17849020905578
529,GACAA,1.77437112530692
530,GACAC,1.27764634649182
531,GACAG,2.04083472151266
532,GACAT,1.09413981412195
533,GACCA,1.48400926220605
534,GACCC,1.17598150990851
535,GACCG,1.04213159140663
536,GACCT,1.22433903378544
537,GACGA,1.61550998080614
538,GACGC,0.913137326555151
539,GACGG,1.0095986460447
540,GACGT,0.848108966963176
541,GACTA,0.93139445700523
542,GACTC,1.30231144966339
543,GACTG,1.22144078291088
544,GACTT,1.08505389877453
545,GAGAA,4.59162025422169
546,GAGAC,1.60016656619774
547,GAGAG,2.77596768667342
548,GAGAT,1.70061520979821
549,GAGCA,2.06777085239488
550,GAGCC,1.63651432802958
551,GAGCG,1.50205012108652
552,GAGCT,1.60758414264687
553,GAGGA,6.2123123936518
554,GAGGC,1.91262816045163
555,GAGGG,1.56019452870186
556,GAGGT,1.41518224394038
557,GAGTA,0.971741937539592
558,GAGTC,1.25029558728521
559,GAGTG,1.34397144223256
560,GAGTT,1.10177265461061
561,GATAA,1.09183523584048
562,GATAC,0.975813233420436
563,GATAG,1.20157568917088
564,GATAT,0.685637070256205
565,GATCA,1.28828170690952
566,GATCC,1.11350380556871
567,GATCG,0.991807443979008
568,GATCT,1.16934826082698
569,GATGA,4.68228096562263
570,GATGC,1.43644860440882
571,GATGG,1.6375398555767
572,GATGT,1.25931740252988
573,GATTA,0.729970027859223
574,GATTC,1.13359435639841
575,GATTG,1.01055571139105
576,GATTT,0.780730098891909
577,GCAAA,1.68306673956762
578,GCAAC,1.10813630344163
579,GCAAG,2.033124966648
580,GCAAT,0.966661865293595
581,GCACA,1.35343479281733
582,GCACC,1.13858803024149
583,GCACG,0.899917477872806
584,GCACT,0.94002821207466
585,GCAGA,2.60003569963482
586,GCAGC,2.19908578634048
587,GCAGG,1.87584011486512
588,GCAGT,1.37483640426257
589,GCATA,0.819242951665677
590,GCATC,1.18722081324381
591,GCATG,1.03304242039282
592,GCATT,0.93754908789949
593,GCCAA,1.76648937368553
594,GCCAC,1.18583339468004
595,GCCAG,1.57357980673339
596,GCCAT,1.11269210454842
597,GCCCA,1.49840994987452
598,GCCCC,1.13120908521734
599,GCCCG,1.02071302998225
600,GCCCT,1.14726462636984
601,GCCGA,1.20595395786674
602,GCCGC,1.11296267907974
603,GCCGG,1.06635815714995
604,GCCGT,0.855288955941628
605,GCCTA,0.934885621065992
606,GCCTC,1.23111311376222
607,GCCTG,1.29872848657035
608,GCCTT,1.05579480748956
609,GCGAA,1.04835277671537
610,GCGAC,0.974898483867652
611,GCGAG,1.29620635095777
612,GCGAT,0.903143487912673
613,GCGCA,1.06073788806684
614,GCGCC,1.01611394383083
615,GCGCG,0.824075390439255
616,GCGCT,0.924684230136959
617,GCGGA,1.22875163457225
618,GCGGC,1.32784053591005
619,GCGGG,1.09834087556401
620,GCGGT,0.865193272976204
621,GCGTA,0.761907259514283
622,GCGTC,0.882478515254695
623,GCGTG,0.851120575223437
624,GCGTT,0.777323202375513
625,GCTAA,1.06563314354956
626,GCTAC,0.984224896332656
627,GCTAG,0.976179109161086
628,GCTAT,0.795044688081729
629,GCTCA,1.27139264640282
630,GCTCC,1.17992346104299
631,GCTCG,0.941129842300155
632,GCTCT,1.08632010722107
633,GCTGA,1.92184497544487
634,GCTGC,1.62334378688992
635,GCTGG,1.59334426516839
636,GCTGT,1.12828295401967
637,GCTTA,0.833686664899951
638,GCTTC,1.11859793776655
639,GCTTG,1.08930408955489
640,GCTTT,0.92840759878352
641,GGAAA,2.83935112539018
642,GGAAC,1.65299513187366
643,GGAAG,4.97877595689477
644,GGAAT,1.06780802228674
645,GGACA,1.56071134416972
646,GGACC,1.31733667070744
647,GGACG,1.16181314212934
648,GGACT,1.15296987807671
649,GGAGA,3.37127352334287
650,GGAGC,2.2602777951614
651,GGAGG,3.84157439639181
652,GGAGT,1.29452456390481
653,GGATA,0.95223098247162
654,GGATC,1.12031040965058
655,GGATG,2.22928763608619
656,GGATT,0.891524842182253
657,GGCAA,1.4968494594689
658,GGCAC,1.14605126747695
659,GGCAG,1.94298572794627
660,GGCAT,0.983859323044833
661,GGCCA,1.50010019874612
662,GGCCC,1.35277485766944
663,GGCCG,1.13552914681024
664,GGCCT,1.14784878224171
665,GGCGA,1.18525151510459
666,GGCGC,0.947186579858981
667,GGCGG,1.30509728677037
668,GGCGT,0.821798867356708
669,GGCTA,0.913413508096332
670,GGCTC,1.17880375097029
671,GGCTG,1.56794387958051
672,GGCTT,1.06336712775802
673,GGGAA,2.03837482516512
674,GGGAC,1.12206763321653
675,GGGAG,1.79390045156267
676,GGGAT,1.01078357021658
677,GGGCA,1.34348702319841
678,GGGCC,1.2607387975814
679,GGGCG,0.882940266233834
680,GGGCT,1.09413981412195
681,GGGGA,1.54420275709328
682,GGGGC,1.1342243304043
683,GGGGG,0.845559954714697
684,GGGGT,0.867690900861083
685,GGGTA,0.770786088423245
686,GGGTC,0.985549984362489
687,GGGTG,0.99970345400373
688,GGGTT,0.80491740194828
689,GGTAA,0.858344633817532
690,GGTAC,0.814640610661501
691,GGTAG,0.963548438209585
692,GGTAT,0.725982223587066
693,GGTCA,1.11985978837763
694,GGTCC,0.960479822046792
695,GGTCG,0.844215661125189
696,GGTCT,1.00686365473882
697,GGTGA,1.53716840276165
698,GGTGC,0.989158791730547
699,GGTGG,1.44268432286073
700,GGTGT,0.915392579745799
701,GGTTA,0.730157648973209
702,GGTTC,0.969133583122116
703,GGTTG,0.877490207753264
704,GGTTT,0.695386014979041
705,GTAAA,0.782129847542576
706,GTAAC,0.799237158369246
707,GTAAG,0.801332716224966
708,GTAAT,0.597739450722449
709,GTACA,0.833779481158571
710,GTACC,0.894753635818428
711,GTACG,0.809431295767963
712,GTACT,0.791456362244325
713,GTAGA,1.21805096354733
714,GTAGC,1.01470190697341
715,GTAGG,0.86482319949286
716,GTAGT,0.7276244585993
717,GTATA,0.468072777825204
718,GTATC,0.691854917039498
719,GTATG,0.817802048698491
720,GTATT,0.506113068192998
721,GTCAA,1.10303668918125
722,GTCAC,1.0000228108849
723,GTCAG,1.34678940194527
724,GTCAT,0.819103518769251
725,GTCCA,1.20126288028566
726,GTCCC,0.991533478906534
727,GTCCG,0.88233998568741
728,GTCCT,1.0279942639582
729,GTCGA,0.834104331090821
730,GTCGC,0.81701178549317
731,GTCGG,0.931716063973904
732,GTCGT,0.775035712090833
733,GTCTA,0.841572887444096
734,GTCTC,1.02840367153317
735,GTCTG,1.18829480787909
736,GTCTT,0.860196092832415
737,GTGAA,2.1727539157709
738,GTGAC,1.10858746802362
739,GTGAG,1.34273832815521
740,GTGAT,1.15481101683487
741,GTGCA,1.10353322926258
742,GTGCC,1.01356301827615
743,GTGCG,0.89378511023406
744,GTGCT,0.978282627696603
745,GTGGA,1.83032883388161
746,GTGGC,1.25287410256412
747,GTGGG,1.04962377038819
748,GTGGT,1.0474448224238
749,GTGTA,0.683139392043528
750,GTGTC,0.953468754350243
751,GTGTG,1.01502077191948
752,GTGTT,0.811803740396957
753,GTTAA,0.830669654364606
754,GTTAC,0.810408254796934
755,GTTAG,0.781709944092391
756,GTTAT,0.512254808731097
757,GTTCA,0.995003133259736
758,GTTCC,0.980522832078902
759,GTTCG,0.780170143038988
760,GTTCT,0.891986164025529
761,GTTGA,1.10773023742902
762,GTTGC,0.934885621065992
763,GTTGG,0.957272770989818
764,GTTGT,0.625230627947508
765,GTTTA,0.523855953168001
766,GTTTC,0.884694720116461
767,GTTTG,0.944158682397991
768,GTTTT,0.575699972543025
769,TAAAA,0.917187203627294
770,TAAAC,0.784415670671072
771,TAAAG,1.332470991367
772,TAAAT,0.502224494006046
773,TAACA,0.731939869122502
774,TAACC,0.807290947411937
775,TAACG,0.69533894210215
776,TAACT,0.675406663055279
777,TAAGA,1.11864300667804
778,TAAGC,0.816174966245674
779,TAAGG,1.01661493990992
780,TAAGT,0.529028862403865
781,TAATA,0.263805049901737
782,TAATC,0.609001708376116
783,TAATG,0.788612722731822
784,TAATT,0.278801897082247
785,TACAA,0.905953853262727
786,TACAC,0.827698144995693
787,TACAG,1.19343938771738
788,TACAT,0.647867889234609
789,TACCA,0.938834638550244
790,TACCC,0.896598179768823
791,TACCG,0.80272950408008
792,TACCT,0.828116068344574
793,TACGA,0.795603788513566
794,TACGC,0.729829309649262
795,TACGG,0.825794044754813
796,TACGT,0.74272002853918
797,TACTA,0.709638617439168
798,TACTC,0.844030226742052
799,TACTG,0.891248038576241
800,TACTT,0.64237916609818
801,TAGAA,1.73866256463131
802,TAGAC,0.894753635818428
803,TAGAG,1.26544568599988
804,TAGAT,0.741548850522998
805,TAGCA,1.11580325743533
806,TAGCC,0.845235487061058
807,TAGCG,0.747309687298722
808,TAGCT,0.789498535640556
809,TAGGA,1.19142661522157
810,TAGGC,0.880677477008553
811,TAGGG,0.787820084917743
812,TAGGT,0.750305847198622
813,TAGTA,0.573793568913138
814,TAGTC,0.725747595954888
815,TAGTG,0.867968375495421
816,TAGTT,0.425189656647062
817,TATAA,0.254795832994369
818,TATAC,0.530082266060107
819,TATAG,0.651320412678317
820,TATAT,0
821,TATCA,0.669791869197817
822,TATCC,0.786281250673395
823,TATCG,0.651273126112365
824,TATCT,0.532332337288655
825,TATGA,0.833686664899951
826,TATGC,0.777976672255251
827,TATGG,0.930521470211372
828,TATGT,0.45032432328639
829,TATTA,0.123141029890627
830,TATTC,0.660064475568208
831,TATTG,0.636887344724753
832,TATTT,0.15588627578295
833,TCAAA,1.28221211283189
834,TCAAC,0.914426106677049
835,TCAAG,1.697388326847
836,TCAAT,0.709826631040612
837,TCACA,1.04985071607273
838,TCACC,1.04726322139703
839,TCACG,0.867043429270899
840,TCACT,0.873377549737729
841,TCAGA,1.87967522660188
842,TCAGC,1.42789524723472
843,TCAGG,1.51482327594629
844,TCAGT,1.06853287383924
845,TCATA,0.596883556467979
846,TCATC,1.02216971278283
847,TCATG,0.928867175121815
848,TCATT,0.716874519564409
849,TCCAA,1.27955270366302
850,TCCAC,1.02694792187768
851,TCCAG,1.73037092651646
852,TCCAT,0.887833479748202
853,TCCCA,1.17808706888902
854,TCCCC,1.14690512839934
855,TCCCG,0.853158673371505
856,TCCCT,1.09522413268616
857,TCCGA,0.982625411774642
858,TCCGC,0.830530385135199
859,TCCGG,0.896828723175758
860,TCCGT,0.759849953648067
861,TCCTA,0.954614699031344
862,TCCTC,1.2377489200687
863,TCCTG,1.27769068462225
864,TCCTT,0.886587328750016
865,TCGAA,0.88049273628442
866,TCGAC,0.926109391398832
867,TCGAG,1.10254012375693
868,TCGAT,0.6823381141358
869,TCGCA,0.810036091496292
870,TCGCC,0.88049273628442
871,TCGCG,0.756482514474805
872,TCGCT,0.768497060447067
873,TCGGA,0.982031250529952
874,TCGGC,0.889402479916274
875,TCGGG,0.944801042427253
876,TCGGT,0.78301625087188
877,TCGTA,0.701456507167636
878,TCGTC,0.816779342921965
879,TCGTG,0.860612622559138
880,TCGTT,0.634756061949681
881,TCTAA,0.824075390439255
882,TCTAC,0.827791018402446
883,TCTAG,0.993222807300908
884,TCTAT,0.55088754026044
885,TCTCA,1.05665662614043
886,TCTCC,1.17813186306581
887,TCTCG,0.818685208089865
888,TCTCT,1.01993907852544
889,TCTGA,1.57349378658114
890,TCTGC,1.14344428102969
891,TCTGG,1.29806483006027
892,TCTGT,0.985138769459586
893,TCTTA,0.650090887263382
894,TCTTC,1.08338044195711
895,TCTTG,0.894061841668102
896,TCTTT,0.78819309899208
897,TGAAA,2.19666558328258
898,TGAAC,1.24993987636851
899,TGAAG,4.46837727747131
900,TGAAT,1.02089512726015
901,TGACA,1.45701567883332
902,TGACC,1.19978807434479
903,TGACG,0.991168180142222
904,TGACT,1.05769977816642
905,TGAGA,1.61371116778632
906,TGAGC,1.25154047308667
907,TGAGG,2.58155665888843
908,TGAGT,0.971696182961802
909,TGATA,0.811431630474395
910,TGATC,1.027266385728
911,TGATG,2.58690640568482
912,TGATT,0.766534607731356
913,TGCAA,1.1193640808698
914,TGCAC,0.969179349752997
915,TGCAG,1.87717423824661
916,TGCAT,0.896413741109823
917,TGCCA,1.26113852752687
918,TGCCC,1.16728565369472
919,TGCCG,0.916082858876503
920,TGCCT,1.05955903268804
921,TGCGA,0.85561308848893
922,TGCGC,0.879014684191931
923,TGCGG,0.917325237907647
924,TGCGT,0.7400963939557
925,TGCTA,0.860520061938735
926,TGCTC,1.01388192055009
927,TGCTG,1.55580048843604
928,TGCTT,0.939798690076321
929,TGGAA,2.30909138310904
930,TGGAC,1.25985045000986
931,TGGAG,2.32558698451524
932,TGGAT,1.26646669139053
933,TGGCA,1.33546858718247
934,TGGCC,1.23391940965682
935,TGGCG,0.920637473253018
936,TGGCT,1.17154490493439
937,TGGGA,1.32695829447451
938,TGGGC,1.08310904345597
939,TGGGG,1.20778509810048
940,TGGGT,0.842778452202475
941,TGGTA,0.847089442202874
942,TGGTC,0.94172650659397
943,TGGTG,1.33753991522536
944,TGGTT,0.780870082819646
945,TGTAA,0.579940380844791
946,TGTAC,0.813152519573649
947,TGTAG,0.828441107427131
948,TGTAT,0.460118914804567
949,TGTCA,0.958097542236085
950,TGTCC,1.03445179809508
951,TGTCG,0.736112739006864
952,TGTCT,0.985230152051157
953,TGTGA,1.21492771625935
954,TGTGC,0.967028085338693
955,TGTGG,1.25811793890806
956,TGTGT,0.900747125483515
957,TGTTA,0.60619924251906
958,TGTTC,0.825794044754813
959,TGTTG,0.921971249548393
960,TGTTT,0.734096856798041
961,TTAAA,0.775689335626104
962,TTAAC,0.700986061783206
963,TTAAG,0.819893612095201
964,TTAAT,0.400038411421336
965,TTACA,0.86482319949286
966,TTACC,0.817151248370314
967,TTACG,0.733768650390349
968,TTACT,0.649097695597355
969,TTAGA,1.10330753236714
970,TTAGC,0.782269811332106
971,TTAGG,0.818917605132188
972,TTAGT,0.451579353710322
973,TTATA,0.154592513568696
974,TTATC,0.570551825183083
975,TTATG,0.584655069207022
976,TTATT,0.110451929259406
977,TTCAA,1.01543072578049
978,TTCAC,0.905401058643242
979,TTCAG,1.55088715265185
980,TTCAT,0.653022576005406
981,TTCCA,1.18377427986724
982,TTCCC,1.09183523584048
983,TTCCG,0.797933027867612
984,TTCCT,1.00385427602002
985,TTCGA,0.828580406566907
986,TTCGC,0.714619750675428
987,TTCGG,0.813106013059457
988,TTCGT,0.636792630959282
989,TTCTA,0.77648296231741
990,TTCTC,0.99080286766153
991,TTCTG,1.17571268234288
992,TTCTT,0.74510879461519
993,TTGAA,1.58634536436764
994,TTGAC,0.954293848125909
995,TTGAG,1.10100512491863
996,TTGAT,0.883817532722811
997,TTGCA,1.09797956523732
998,TTGCC,0.947232449846882
999,TTGCG,0.761392973830863
1000,TTGCT,0.981802717312082
1001,TTGGA,1.39062668880628
1002,TTGGC,0.947874606970804
1003,TTGGG,1.00617978676344
1004,TTGGT,0.884648554330575
1005,TTGTA,0.484634496147684
1006,TTGTC,0.782969600078396
1007,TTGTG,0.81538457086144
1008,TTGTT,0.499343066327264
1009,TTTAA,0.472167686092175
1010,TTTAC,0.6823381141358
1011,TTTAG,0.767515883569852
1012,TTTAT,0.136810742110164
1013,TTTCA,0.931440401508787
1014,TTTCC,0.974166622295693
1015,TTTCG,0.583417089428233
1016,TTTCT,0.863759159809563
1017,TTTGA,1.07188460997584
1018,TTTGC,0.980385691531343
1019,TTTGG,1.06948415955415
1020,TTTGT,0.55647585731713
1021,TTTTA,0.400135458271334
1022,TTTTC,0.80072737920527
1023,TTTTG,0.696092080803145
1024,TTTTT,0.31577716004378
