,MOTIF,MS
1,AAAAA,-0.334793841573992
2,AAAAC,-0.011593455491779
3,AAAAG,-0.032236822978607
4,AAAAT,-0.0598519769352605
5,AAACA,-0.0203333733122191
6,AAACC,-0.0127368044395941
7,AAACG,-0.00995494807542447
8,AAACT,-0.020685659882133
9,AAAGA,-0.0424685587402882
10,AAAGC,-0.0273840911357871
11,AAAGG,-0.00541251193359389
12,AAAGT,-0.0242759562291171
13,AAATA,-0.0573657949051553
14,AAATC,-0.00663503030501456
15,AAATG,-0.0548201912991451
16,AAATT,-0.0614948064690392
17,AACAA,0.0215126430699549
18,AACAC,-0.0119477524195968
19,AACAG,-0.0276104077942925
20,AACAT,-0.0421831469665162
21,AACCA,0.00613494192013883
22,AACCC,-0.0236831740668733
23,AACCG,-0.00040238595152489
24,AACCT,-0.0230514352551159
25,AACGA,-0.014948440245713
26,AACGC,0.00128662650011488
27,AACGG,-0.0100480172495348
28,AACGT,0.0120718531654884
29,AACTA,-0.00202995303419681
30,AACTC,-0.0335536801150287
31,AACTG,0.00866390149406804
32,AACTT,-0.024098217018747
33,AAGAA,0.0424477390481752
34,AAGAC,0.0248432442000739
35,AAGAG,0.0772937976984668
36,AAGAT,0.0444473514062554
37,AAGCA,0.00947668975281384
38,AAGCC,0.00713341229782107
39,AAGCG,-0.0143117015649399
40,AAGCT,-0.00664672087580075
41,AAGGA,0.0936688527271491
42,AAGGC,-0.0266638602174348
43,AAGGG,-0.0156602809833248
44,AAGGT,0.00845560775450843
45,AAGTA,-0.0215005109304001
46,AAGTC,-0.0253683965175494
47,AAGTG,-0.028670778446529
48,AAGTT,-0.0149386707164303
49,AATAA,-0.0204543051472725
50,AATAC,-0.022040509847054
51,AATAG,-0.0245465694025665
52,AATAT,-0.0313942360007903
53,AATCA,-0.0165941447463641
54,AATCC,-0.0173978366767316
55,AATCG,0.00378265545381175
56,AATCT,-0.0204560994114364
57,AATGA,-0.0344700934855837
58,AATGC,-0.00717678018649085
59,AATGG,-0.0334010479676713
60,AATGT,0.00639623602304998
61,AATTA,-0.026946339406106
62,AATTC,-0.00247826730547147
63,AATTG,-0.0260905103891527
64,AATTT,-0.0203615206040789
65,ACAAA,-0.022728283908644
66,ACAAC,0.000393977638791713
67,ACAAG,0.023544636706967
68,ACAAT,-0.000743649904048142
69,ACACA,-0.0266443919844068
70,ACACC,0.029208000166723
71,ACACG,0.0354948454421397
72,ACACT,-0.00941298342140309
73,ACAGA,-0.0194742700915679
74,ACAGC,0.0400768596356511
75,ACAGG,-0.0120038228496696
76,ACAGT,-0.0193134490056835
77,ACATA,-0.0294582838094905
78,ACATC,-0.00549957754356477
79,ACATG,-0.0287808968113919
80,ACATT,-0.0106466407717911
81,ACCAA,0.0157161742136853
82,ACCAC,0.0150971146724181
83,ACCAG,-0.0105578426290702
84,ACCAT,-0.00377823378572878
85,ACCCA,-0.00277876213298425
86,ACCCC,-0.0237710524758302
87,ACCCG,-0.0103496121559444
88,ACCCT,0.0146366511752253
89,ACCGA,0.0218218011400545
90,ACCGC,-0.0149987169275004
91,ACCGG,-0.0208448021487929
92,ACCGT,-0.0068327982308481
93,ACCTA,-0.0125576802239101
94,ACCTC,0.0152955457874862
95,ACCTG,0.116613204840502
96,ACCTT,-0.0172842197402651
97,ACGAA,-0.0115128594958654
98,ACGAC,-0.029050982518468
99,ACGAG,-0.0349659453039397
100,ACGAT,0.00096829150744729
101,ACGCA,0.00414453442009883
102,ACGCC,-0.0114938022000125
103,ACGCG,-0.00749545460539635
104,ACGCT,-0.0262016240298303
105,ACGGA,0.0402548671162301
106,ACGGC,-0.0181523405609791
107,ACGGG,-0.0162345772299305
108,ACGGT,0.00408108732123274
109,ACGTA,-0.00472684886407077
110,ACGTC,-0.00246196988394668
111,ACGTG,0.0174995686098381
112,ACGTT,-0.0125163090665929
113,ACTAA,-0.0234778775364329
114,ACTAC,-0.00806535470252919
115,ACTAG,-0.0199214257145808
116,ACTAT,0.000537390960507459
117,ACTCA,0.000494309580540201
118,ACTCC,-0.0136478769975441
119,ACTCG,-0.0161013445964617
120,ACTCT,0.0301973410962807
121,ACTGA,-0.00181679500137875
122,ACTGC,0.00773409272642013
123,ACTGG,0.0652247231117213
124,ACTGT,-0.0115762074243055
125,ACTTA,0.000863477007335918
126,ACTTC,0.0600922753472779
127,ACTTG,-0.0193307561937169
128,ACTTT,-0.0125091936025987
129,AGAAA,-0.0432131121105667
130,AGAAC,-0.0400564128361769
131,AGAAG,0.104749299492192
132,AGAAT,-0.0284805113965169
133,AGACA,-0.0117712770118599
134,AGACC,0.0302533152326798
135,AGACG,-0.0220640788708045
136,AGACT,0.00145212503802009
137,AGAGA,-0.0256914124336399
138,AGAGC,0.0538602207170766
139,AGAGG,0.112416846099576
140,AGAGT,-0.0505680301269019
141,AGATA,-0.0109157471242759
142,AGATC,0.0112208275852582
143,AGATG,-0.00299681839099727
144,AGATT,-0.0105714066172134
145,AGCAA,0.0102559417555561
146,AGCAC,-0.0297078071848995
147,AGCAG,0.0880910944316758
148,AGCAT,-0.0319911221551206
149,AGCCA,0.034499482428988
150,AGCCC,0.066744803604478
151,AGCCG,0.0132917371828971
152,AGCCT,0.0141191397821803
153,AGCGA,0.00540352725094421
154,AGCGC,0.0166085555251134
155,AGCGG,0.0153581844097217
156,AGCGT,-0.009863333554478
157,AGCTA,-0.0387567719606606
158,AGCTC,0.0368932802140959
159,AGCTG,0.136390311924156
160,AGCTT,-0.000626797917677358
161,AGGAA,0.123257741226728
162,AGGAC,0.123022840344697
163,AGGAG,0.269032241202147
164,AGGAT,0.0146501843556533
165,AGGCA,-0.0109049681173023
166,AGGCC,0.0175272585112395
167,AGGCG,0.00371813103247923
168,AGGCT,0.0461485430379177
169,AGGGA,0.0220412957612117
170,AGGGC,0.00398268507732122
171,AGGGG,-0.0236841935019772
172,AGGGT,-0.0220377838859178
173,AGGTA,-0.0523408928940415
174,AGGTC,-0.00568627403895658
175,AGGTG,0.0300508973497874
176,AGGTT,-0.0301821681929849
177,AGTAA,-0.0289728526941387
178,AGTAC,-0.00589461204338586
179,AGTAG,-0.0796600698599745
180,AGTAT,-0.0151559702220374
181,AGTCA,0.018924689299442
182,AGTCC,-0.0149260855644934
183,AGTCG,-0.00832846194352562
184,AGTCT,-0.0106665108712228
185,AGTGA,-0.00527762586666351
186,AGTGC,-0.0366614637266501
187,AGTGG,0.0238481587371771
188,AGTGT,-0.00983811342983673
189,AGTTA,-0.0210405045874336
190,AGTTC,-0.0279094355264794
191,AGTTG,-0.0197062858712419
192,AGTTT,-0.0107560574876251
193,ATAAA,-0.0332194744856558
194,ATAAC,-0.00795612238909926
195,ATAAG,-0.0242476641107814
196,ATAAT,-0.0132550976052904
197,ATACA,-0.00306038438195188
198,ATACC,-0.0168287505125103
199,ATACG,-0.0119685719967463
200,ATACT,-0.0072208917905178
201,ATAGA,-0.0185204277654044
202,ATAGC,-0.0188828591664639
203,ATAGG,-0.0252011893649327
204,ATAGT,-0.0113005948291942
205,ATATA,-0.00480432070068522
206,ATATC,0.00391891296971294
207,ATATG,-0.0213462914637733
208,ATATT,-0.00950409779817754
209,ATCAA,-0.00844536240531187
210,ATCAC,-0.00675398179252365
211,ATCAG,-0.0289008461494441
212,ATCAT,-0.0046642376056903
213,ATCCA,-0.01284777114297
214,ATCCC,-0.0274375329076694
215,ATCCG,0.00804434031541687
216,ATCCT,0.00327051534925007
217,ATCGA,-0.000786624132672116
218,ATCGC,0.00136410587942211
219,ATCGG,-0.0178322717298099
220,ATCGT,0.000694916457903016
221,ATCTA,-0.00288889590113077
222,ATCTC,-0.000642372835549069
223,ATCTG,0.0562962544128171
224,ATCTT,0.0127681637247614
225,ATGAA,-0.0289927233197424
226,ATGAC,-0.02190751118534
227,ATGAG,0.00280186451010889
228,ATGAT,-0.00549023676984377
229,ATGCA,-0.0235929893468365
230,ATGCC,-0.00567650883065767
231,ATGCG,0.0102363548129782
232,ATGCT,0.00170704253339081
233,ATGGA,0.0625158986712047
234,ATGGC,0.0221834432811494
235,ATGGG,-0.0152533823932699
236,ATGGT,-0.028206421697472
237,ATGTA,-0.018486149889273
238,ATGTC,0.019073948348582
239,ATGTG,-0.017073954162213
240,ATGTT,-0.0199461759437093
241,ATTAA,-0.00705486843227963
242,ATTAC,-0.0129992368678435
243,ATTAG,-0.0247962829216343
244,ATTAT,-0.0168606692675902
245,ATTCA,-0.0268899392146747
246,ATTCC,0.0114417180828707
247,ATTCG,-0.000278571198721015
248,ATTCT,-0.0110742988085794
249,ATTGA,-0.00559222859902119
250,ATTGC,-0.0197360275000186
251,ATTGG,-0.0260741483168651
252,ATTGT,-0.00460418048073998
253,ATTTA,-0.0457853662720418
254,ATTTC,-0.00325582298857129
255,ATTTG,0.0213366228468839
256,ATTTT,-0.0652882227572028
257,CAAAA,-0.00457968724923874
258,CAAAC,-0.00862309130040059
259,CAAAG,-0.0573089092114056
260,CAAAT,-0.032759288042807
261,CAACA,-0.00926624607341202
262,CAACC,-0.0153891479324886
263,CAACG,0.0141156793725257
264,CAACT,-0.00949583001756505
265,CAAGA,0.00427191286948502
266,CAAGC,-0.00418660676911658
267,CAAGG,0.0327310777751167
268,CAAGT,-0.0114911560332101
269,CAATA,0.00185868596538245
270,CAATC,-0.018781411444064
271,CAATG,-0.00471123803830048
272,CAATT,0.0157610117632659
273,CACAA,-0.0174685646642429
274,CACAC,0.0187204256648719
275,CACAG,0.0300433705371992
276,CACAT,-0.0500939103256858
277,CACCA,-0.0119561382607425
278,CACCC,-0.00642056639346075
279,CACCG,-0.015017045419215
280,CACCT,0.0283818529686578
281,CACGA,-0.0215012771791654
282,CACGC,-0.00747363110936983
283,CACGG,0.018833646842233
284,CACGT,-0.000880221711658606
285,CACTA,-0.00593819138908363
286,CACTC,0.0120298152516908
287,CACTG,-0.0125169558777854
288,CACTT,-0.0111971219311738
289,CAGAA,-0.0131035103032026
290,CAGAC,-0.0113295642406793
291,CAGAG,0.0350205054507845
292,CAGAT,-0.0200739249608123
293,CAGCA,-0.0124829017710549
294,CAGCC,0.033544674137409
295,CAGCG,0.0340553313421716
296,CAGCT,0.0471183795406389
297,CAGGA,0.101038829937641
298,CAGGC,0.0234926870623522
299,CAGGG,0.0135637955197993
300,CAGGT,-0.0296506003696162
301,CAGTA,-0.0302999161732964
302,CAGTC,-0.0013036085417085
303,CAGTG,0.0124803056267803
304,CAGTT,-0.0286664232030206
305,CATAA,-0.021597057642096
306,CATAC,-0.0115966133686554
307,CATAG,-0.0141253587993624
308,CATAT,-0.00395106717232289
309,CATCA,-0.0153455444694794
310,CATCC,-0.026024801412932
311,CATCG,-0.00264302416563298
312,CATCT,0.0212397653421264
313,CATGA,-0.0296907125277921
314,CATGC,-0.0258482514761041
315,CATGG,-0.0127210377992058
316,CATGT,-0.0213975631648205
317,CATTA,-0.0149658741562153
318,CATTC,-0.00646009220365752
319,CATTG,-0.00444598052788678
320,CATTT,-0.0525637283358606
321,CCAAA,-0.0497243924703748
322,CCAAC,-0.00731102920797478
323,CCAAG,0.0101516354755464
324,CCAAT,0.00343377192377915
325,CCACA,0.0346445444656554
326,CCACC,0.00787215519846516
327,CCACG,-0.0143801490826366
328,CCACT,0.0207948809880937
329,CCAGA,-0.0141078304006661
330,CCAGC,0.00889597388985683
331,CCAGG,0.0587278543547892
332,CCAGT,-0.0145698454666832
333,CCATA,-7.02560626311984e-05
334,CCATC,-0.000309042152111472
335,CCATG,-0.0084746357512647
336,CCATT,-0.0291013140170026
337,CCCAA,-0.0400162575589032
338,CCCAC,-0.0158283368617753
339,CCCAG,0.0397335489687816
340,CCCAT,-0.00965293112725002
341,CCCCA,0.00199763059686783
342,CCCCC,-0.0253766111050038
343,CCCCG,-0.0346635913692943
344,CCCCT,0.00421287524534146
345,CCCGA,-0.0106813807711656
346,CCCGC,-0.0260830194294294
347,CCCGG,0.0172184074862138
348,CCCGT,-0.033044928279671
349,CCCTA,-0.0129174981157459
350,CCCTC,-0.0243751034844617
351,CCCTG,0.0877503728711666
352,CCCTT,0.00978541408678393
353,CCGAA,-0.0103768569562113
354,CCGAC,0.0107308921098851
355,CCGAG,0.0346160942847416
356,CCGAT,-0.0198915690290505
357,CCGCA,-2.48030941534287e-05
358,CCGCC,-0.0042898715805184
359,CCGCG,-0.00806286927843091
360,CCGCT,0.00119927184875244
361,CCGGA,0.0263808456564997
362,CCGGC,0.0226454724924189
363,CCGGG,-0.0202323989848553
364,CCGGT,-0.00898977383355252
365,CCGTA,-0.0149027595798984
366,CCGTC,-0.0198905368268711
367,CCGTG,0.0136714611247571
368,CCGTT,-0.00128456174549612
369,CCTAA,-0.0154746801325208
370,CCTAC,0.00640560740617238
371,CCTAG,-0.0432394032554851
372,CCTAT,-0.00354542625910882
373,CCTCA,-0.0146977397418209
374,CCTCC,-0.0896626432260532
375,CCTCG,0.00692938502630398
376,CCTCT,0.0376262438389751
377,CCTGA,0.0639728236688689
378,CCTGC,0.119495868942468
379,CCTGG,0.180708848309587
380,CCTGT,-0.0322627498006765
381,CCTTA,0.000685922624552319
382,CCTTC,-0.0269948226586678
383,CCTTG,0.00955800683652892
384,CCTTT,-0.022492020317921
385,CGAAA,0.00272886275652453
386,CGAAC,-0.0243808483337919
387,CGAAG,-0.0242349285663693
388,CGAAT,-0.0121770244758831
389,CGACA,-0.0275475093735112
390,CGACC,-0.0160007772230345
391,CGACG,0.00401705848748149
392,CGACT,-0.00780061570751335
393,CGAGA,-0.00675228086771785
394,CGAGC,-0.0227393671201955
395,CGAGG,0.00948198580916395
396,CGAGT,-0.0124872392757871
397,CGATA,-0.00198849163467335
398,CGATC,-0.020258613479881
399,CGATG,-0.0188557990424029
400,CGATT,0.00361398177865386
401,CGCAA,-0.00994373371175202
402,CGCAC,-0.00186972023420307
403,CGCAG,0.00696224295765363
404,CGCAT,-0.0110417837731806
405,CGCCA,-0.0129957733421815
406,CGCCC,-0.0103694645043326
407,CGCCG,-0.00331889461682577
408,CGCCT,0.0196397546729658
409,CGCGA,-0.0170059613292646
410,CGCGC,-0.00687542304838478
411,CGCGG,0.0151249586929555
412,CGCGT,-0.00772214101291283
413,CGCTA,-0.00292780828373125
414,CGCTC,-0.0302346736070186
415,CGCTG,0.0286298582271217
416,CGCTT,-0.00877886146082264
417,CGGAA,-0.00778157348197618
418,CGGAC,-0.00977023865667617
419,CGGAG,0.0686945290498773
420,CGGAT,0.045036033223766
421,CGGCA,-0.00143467504098849
422,CGGCC,0.00271313275704227
423,CGGCG,0.0263282831026465
424,CGGCT,0.0262493822214197
425,CGGGA,0.0392587058821915
426,CGGGC,-0.0144939421969479
427,CGGGG,-0.00856547583721181
428,CGGGT,-0.0234876869158581
429,CGGTA,-0.016446319047924
430,CGGTC,-0.00225280914782014
431,CGGTG,-0.0178666656437083
432,CGGTT,0.00746735755521761
433,CGTAA,0.00641337621614425
434,CGTAC,-0.00693078373921746
435,CGTAG,-0.028064513176642
436,CGTAT,-0.00547002620279068
437,CGTCA,-0.0134853955739684
438,CGTCC,0.0208995304435621
439,CGTCG,-0.0345930757933591
440,CGTCT,-0.015757796274628
441,CGTGA,-0.0145736014093574
442,CGTGC,-0.00357031183262847
443,CGTGG,0.0320002410070791
444,CGTGT,-0.00706067405682774
445,CGTTA,0.00750339593488621
446,CGTTC,0.00149410022450896
447,CGTTG,-0.0165089442197355
448,CGTTT,0.00852260272822672
449,CTAAA,-0.0045956552676855
450,CTAAC,-0.0139394019325949
451,CTAAG,-0.00312585642424917
452,CTAAT,-0.0234322843277772
453,CTACA,-0.0208987801298858
454,CTACC,0.00695275521282611
455,CTACG,-0.0159550763231258
456,CTACT,0.000830246526195274
457,CTAGA,-0.0499503169866183
458,CTAGC,-0.027967049984722
459,CTAGG,-0.0520054937336846
460,CTAGT,-0.0118702667318099
461,CTATA,-0.00073333118154334
462,CTATC,-0.0128586581237729
463,CTATG,0.0104512796149431
464,CTATT,-0.00325680893035526
465,CTCAA,-0.0216183971992893
466,CTCAC,-0.0291546421473304
467,CTCAG,0.000141058721803341
468,CTCAT,0.0113402942542796
469,CTCCA,0.00165601319867062
470,CTCCC,-0.0265290961568325
471,CTCCG,-0.00352854491551361
472,CTCCT,-0.0243622210250241
473,CTCGA,-0.0377650438134327
474,CTCGC,-0.00598231266021389
475,CTCGG,0.0235198293764419
476,CTCGT,-0.0107315947643012
477,CTCTA,-0.00407177290014626
478,CTCTC,0.0139471839105184
479,CTCTG,0.0712896257624167
480,CTCTT,-0.0176010914093924
481,CTGAA,-0.0127652123649694
482,CTGAC,0.0796551661513038
483,CTGAG,0.035830863455364
484,CTGAT,0.00271184139654457
485,CTGCA,0.0434090707399988
486,CTGCC,0.0576621037569126
487,CTGCG,0.0598598554688468
488,CTGCT,0.0983008598680103
489,CTGGA,0.430389680349822
490,CTGGC,0.0545384764915065
491,CTGGG,0.107255033301202
492,CTGGT,-0.0205183308646904
493,CTGTA,-0.0896622781319085
494,CTGTC,-0.00693911941305521
495,CTGTG,0.100941559552373
496,CTGTT,-0.0383694892314984
497,CTTAA,-0.00514632363971417
498,CTTAC,-0.0185368551523032
499,CTTAG,-0.015595620169729
500,CTTAT,0.00926118632294799
501,CTTCA,0.0522996960658909
502,CTTCC,0.0162601519544931
503,CTTCG,-0.00610243267702912
504,CTTCT,0.035968566638988
505,CTTGA,-0.0472233742283195
506,CTTGC,-0.0203327946504181
507,CTTGG,0.0661536408893733
508,CTTGT,0.00868886303811965
509,CTTTA,-0.00694749800034945
510,CTTTC,-0.00045345773825363
511,CTTTG,0.0106081283516871
512,CTTTT,-0.0338973056906048
513,GAAAA,-0.0303473424342596
514,GAAAC,-0.0440443012999297
515,GAAAG,-0.00180214888244379
516,GAAAT,-0.0492814852611831
517,GAACA,-0.022923080316031
518,GAACC,0.00522762678708978
519,GAACG,-0.00768478455947845
520,GAACT,-0.00648197280482357
521,GAAGA,0.228842069105564
522,GAAGC,0.0279941829775508
523,GAAGG,0.0620991604963588
524,GAAGT,-0.0390931799544781
525,GAATA,-0.0501598168180441
526,GAATC,0.000865691877988014
527,GAATG,0.0243492879693386
528,GAATT,-0.00499861507684639
529,GACAA,0.0133766829075181
530,GACAC,0.022995477922183
531,GACAG,0.036593711880728
532,GACAT,0.0245307736438908
533,GACCA,0.0162217539229201
534,GACCC,0.0134000758118305
535,GACCG,0.015272946685585
536,GACCT,0.117250775816849
537,GACGA,-0.0357361472046053
538,GACGC,-0.0226494537799315
539,GACGG,0.0112894883830759
540,GACGT,-0.0110957506136033
541,GACTA,-0.025832195371335
542,GACTC,0.018599454169996
543,GACTG,0.0708801895752978
544,GACTT,0.0643155043917557
545,GAGAA,0.0145962763621197
546,GAGAC,0.0136881625103757
547,GAGAG,0.0733939367399401
548,GAGAT,-0.0121703177672035
549,GAGCA,0.0721521864622694
550,GAGCC,0.110856140855794
551,GAGCG,0.0160044933247606
552,GAGCT,0.153628693536349
553,GAGGA,0.368504853225258
554,GAGGC,0.0890625795458296
555,GAGGG,0.0397367209667449
556,GAGGT,0.00205840150065726
557,GAGTA,-0.0571264910707116
558,GAGTC,0.0253081468904106
559,GAGTG,0.00477164686507269
560,GAGTT,-0.0299426240360511
561,GATAA,-0.0410665072677651
562,GATAC,-0.0163234934429621
563,GATAG,-0.0340897348023193
564,GATAT,0.0148062651056478
565,GATCA,-0.00831750404219264
566,GATCC,0.0195922116141832
567,GATCG,-0.013710683485361
568,GATCT,0.0706267043634995
569,GATGA,0.0298678229905092
570,GATGC,0.0339269131851036
571,GATGG,0.0811414033581477
572,GATGT,0.00514073289453624
573,GATTA,-0.0237813025705911
574,GATTC,-0.00687021280933287
575,GATTG,-0.0229971821182573
576,GATTT,0.0209769054375268
577,GCAAA,-0.0176536311934652
578,GCAAC,-0.00432244753203154
579,GCAAG,0.00374216177300379
580,GCAAT,-0.0137279400102786
581,GCACA,-0.00538574338658146
582,GCACC,-0.00323915812637714
583,GCACG,-0.0354694053766809
584,GCACT,-0.0243334419671727
585,GCAGA,0.0239015176792669
586,GCAGC,0.0498902149359771
587,GCAGG,0.0849301613972804
588,GCAGT,-0.015021304745266
589,GCATA,-0.0138392896620594
590,GCATC,-0.01099853976404
591,GCATG,-0.0532782037068269
592,GCATT,-0.0180014443842287
593,GCCAA,0.00832124390494941
594,GCCAC,0.033965791239227
595,GCCAG,-0.0213288356117614
596,GCCAT,-0.00266368834668727
597,GCCCA,0.00739335293555019
598,GCCCC,0.00047242433087639
599,GCCCG,0.000621105649098822
600,GCCCT,0.0675102213897621
601,GCCGA,0.00448095987662301
602,GCCGC,0.0299881422139537
603,GCCGG,0.0182559563113111
604,GCCGT,-0.0071399671273621
605,GCCTA,-0.0309187630581512
606,GCCTC,-0.0443744167310129
607,GCCTG,0.110371890577924
608,GCCTT,-0.0059020121076427
609,GCGAA,-0.0187060567691987
610,GCGAC,-0.0104131601763352
611,GCGAG,-0.000121622089258019
612,GCGAT,-0.0130177226743994
613,GCGCA,-0.0205391802019886
614,GCGCC,-0.00541584935653162
615,GCGCG,0.00733041622431746
616,GCGCT,0.0074955590269143
617,GCGGA,0.0291756007112478
618,GCGGC,0.0436048144574348
619,GCGGG,0.026837933886716
620,GCGGT,-0.00766417686349207
621,GCGTA,-0.0196174795617419
622,GCGTC,-0.0117574303425374
623,GCGTG,0.0161790801568005
624,GCGTT,-0.00405526703098152
625,GCTAA,-0.0256601933088649
626,GCTAC,-0.0131834654810461
627,GCTAG,-0.0602023037443791
628,GCTAT,-0.000443376662222328
629,GCTCA,-0.0119853661430119
630,GCTCC,0.0306178990821329
631,GCTCG,-0.0284595085293288
632,GCTCT,0.00690143824729084
633,GCTGA,0.030433309276485
634,GCTGC,0.110830994859068
635,GCTGG,0.227638370771123
636,GCTGT,0.0321447271373094
637,GCTTA,-0.0118118037904369
638,GCTTC,0.0464532608608748
639,GCTTG,0.0257809844362629
640,GCTTT,0.0105293904306088
641,GGAAA,-0.00152804870127312
642,GGAAC,0.0616112729746151
643,GGAAG,0.164122504678648
644,GGAAT,0.0299391989205595
645,GGACA,0.120306710597574
646,GGACC,0.10430705266763
647,GGACG,-0.0129151459560296
648,GGACT,0.125881638938954
649,GGAGA,0.139991653505365
650,GGAGC,0.287085136918331
651,GGAGG,0.349728863376974
652,GGAGT,0.0372961780826211
653,GGATA,-0.0447200270107593
654,GGATC,0.099399796075236
655,GGATG,0.0980731526166854
656,GGATT,-0.014618468310329
657,GGCAA,-0.0192685748821722
658,GGCAC,-0.000273520296940943
659,GGCAG,0.0312904811748819
660,GGCAT,-0.0402149990818819
661,GGCCA,-0.00229896914366516
662,GGCCC,-0.000978550701010998
663,GGCCG,0.0281768864003695
664,GGCCT,0.0111118247607118
665,GGCGA,-0.0157371501351323
666,GGCGC,-0.00569432302764886
667,GGCGG,0.0116575756399758
668,GGCGT,-0.015216097457445
669,GGCTA,-0.0155118457660951
670,GGCTC,0.0024424624567805
671,GGCTG,0.143983542291638
672,GGCTT,0.067419361018094
673,GGGAA,0.00602604411839399
674,GGGAC,0.0268899467849145
675,GGGAG,0.127924224083243
676,GGGAT,-0.0307071743592337
677,GGGCA,-0.015087599953668
678,GGGCC,0.0185496960904887
679,GGGCG,-0.0503170950804378
680,GGGCT,0.068635765430536
681,GGGGA,0.0339176267984206
682,GGGGC,0.0112265525749159
683,GGGGG,-0.0424748696817481
684,GGGGT,-0.0201052802946554
685,GGGTA,-0.0289448507667964
686,GGGTC,-0.00722491080441801
687,GGGTG,-0.0257517409529076
688,GGGTT,-0.0489056512188089
689,GGTAA,-0.0292558631749119
690,GGTAC,-0.018297725773392
691,GGTAG,-0.0650753552526338
692,GGTAT,-0.0123354756805108
693,GGTCA,-0.0257003398372408
694,GGTCC,-0.00742396984416157
695,GGTCG,-0.00981519696338007
696,GGTCT,-0.00785216150035565
697,GGTGA,0.0361757173778591
698,GGTGC,-0.0655750714007997
699,GGTGG,0.0516437172320112
700,GGTGT,-0.00761505505890605
701,GGTTA,-0.00714294744988413
702,GGTTC,-0.0145676014640683
703,GGTTG,-0.0381611552639679
704,GGTTT,-0.0479262688181422
705,GTAAA,-0.0188336382714721
706,GTAAC,-0.0273195818759748
707,GTAAG,-0.03316042838799
708,GTAAT,-0.0309387018408123
709,GTACA,-0.018549012117855
710,GTACC,-0.0324923435582486
711,GTACG,0.00370749883332098
712,GTACT,-0.0194977230321662
713,GTAGA,-0.0666204299642034
714,GTAGC,-0.0616727958775369
715,GTAGG,-0.0928442982270129
716,GTAGT,-0.020564229041467
717,GTATA,-0.00458866429624714
718,GTATC,-0.012545804654059
719,GTATG,-0.0288623755973677
720,GTATT,-0.00980357207082593
721,GTCAA,0.0130714896150812
722,GTCAC,-0.0065386049944434
723,GTCAG,-0.00814930217026771
724,GTCAT,-0.0112817420245858
725,GTCCA,0.00435991206202304
726,GTCCC,0.0170241095536617
727,GTCCG,-0.00889601596006825
728,GTCCT,-0.011597361928967
729,GTCGA,-0.0339509142592266
730,GTCGC,0.00263692731943942
731,GTCGG,-0.01624590450288
732,GTCGT,-0.0106803587805352
733,GTCTA,0.00955665932351792
734,GTCTC,-0.0248408544878461
735,GTCTG,0.0336525790321045
736,GTCTT,-0.032633816973846
737,GTGAA,-0.0148949514238355
738,GTGAC,-0.00135661541812928
739,GTGAG,-0.0116053164645383
740,GTGAT,0.031759955337587
741,GTGCA,-0.0402615782165464
742,GTGCC,-0.0184889474655961
743,GTGCG,-0.00517320592819127
744,GTGCT,-0.0296925749248559
745,GTGGA,0.140885491432944
746,GTGGC,0.0290445111772555
747,GTGGG,0.0394472071801891
748,GTGGT,-0.0108326161919458
749,GTGTA,-0.0365849583656357
750,GTGTC,0.0163656047286152
751,GTGTG,-0.0582844083392113
752,GTGTT,-0.0204324361383242
753,GTTAA,-0.013674866610793
754,GTTAC,0.00708687283310312
755,GTTAG,-0.0196794567082052
756,GTTAT,-0.00469921584388989
757,GTTCA,-0.0208351466834237
758,GTTCC,-0.0168815648162262
759,GTTCG,0.00386505539054288
760,GTTCT,0.000519729469419435
761,GTTGA,-0.0226977042252626
762,GTTGC,-0.0197014196588841
763,GTTGG,-0.0332506935779485
764,GTTGT,-0.02896323291997
765,GTTTA,-0.00959628280075938
766,GTTTC,-0.0283740421062209
767,GTTTG,-0.0356150767984868
768,GTTTT,-0.0292386088862435
769,TAAAA,-0.0661462797007272
770,TAAAC,-0.000417597407944063
771,TAAAG,-0.0148891569765411
772,TAAAT,-0.0380094319178186
773,TAACA,-0.00522209720310307
774,TAACC,-0.0170535176589168
775,TAACG,-0.00089922314824172
776,TAACT,-0.013862277405435
777,TAAGA,-0.0311428623243468
778,TAAGC,-0.00192911709595264
779,TAAGG,-0.0231214290010901
780,TAAGT,-0.00970188572876941
781,TAATA,0.00741328717896367
782,TAATC,-0.0228073188370238
783,TAATG,-0.0406351595329619
784,TAATT,-0.0272700962617297
785,TACAA,-0.0143475952917413
786,TACAC,0.00301486557255991
787,TACAG,-0.0557898414714027
788,TACAT,-0.0127025323782945
789,TACCA,-0.00171172235516203
790,TACCC,-0.00485687409887995
791,TACCG,-0.0205272198457567
792,TACCT,-0.0210909110055318
793,TACGA,0.0021729541204419
794,TACGC,-0.00990228264286439
795,TACGG,-0.00832077074586069
796,TACGT,-0.00224399792711911
797,TACTA,-0.0138390980387728
798,TACTC,0.00419238507107224
799,TACTG,-0.00977286724086293
800,TACTT,-0.00123595643375786
801,TAGAA,-0.0476205853135262
802,TAGAC,-0.0260712062475103
803,TAGAG,-0.086326786545073
804,TAGAT,-0.0193593137263171
805,TAGCA,-0.0278210457759446
806,TAGCC,-0.037499266416251
807,TAGCG,-0.00753007579070634
808,TAGCT,-0.0612229518893432
809,TAGGA,-0.068016358792218
810,TAGGC,-0.0351977640522831
811,TAGGG,-0.0563326053122667
812,TAGGT,-0.0304450679860657
813,TAGTA,-0.0210324814865979
814,TAGTC,-0.0127099102717915
815,TAGTG,-0.0181513606717633
816,TAGTT,-0.00601645507610078
817,TATAA,0.00497408641981638
818,TATAC,0.0141344244663968
819,TATAG,-0.00158218049321363
820,TATAT,-0.0150086413167393
821,TATCA,-0.00760231383185638
822,TATCC,-0.00294092234098939
823,TATCG,-0.00194284862803717
824,TATCT,-0.0107149981297275
825,TATGA,-0.0179834821034298
826,TATGC,-0.019785230466541
827,TATGG,0.00498022811314963
828,TATGT,-0.0223269605757296
829,TATTA,0.00176775178970988
830,TATTC,-0.00754838003833873
831,TATTG,-0.00133333198455457
832,TATTT,-0.0476641426149236
833,TCAAA,-0.0132125753510464
834,TCAAC,-0.00974411232314217
835,TCAAG,-0.0218493042409194
836,TCAAT,0.00984102071510139
837,TCACA,-0.0205914162612873
838,TCACC,-0.0330322276325925
839,TCACG,0.00108376316558933
840,TCACT,-0.00390996125760876
841,TCAGA,0.00632936585229535
842,TCAGC,0.00548578962752163
843,TCAGG,-0.0242995075249712
844,TCAGT,0.00208690552338821
845,TCATA,-0.00856317659930273
846,TCATC,-0.00601343942929971
847,TCATG,0.00573694817678186
848,TCATT,-0.0222481493939704
849,TCCAA,-0.0284705412723344
850,TCCAC,0.0106663987988309
851,TCCAG,0.0307916743405488
852,TCCAT,-0.0169944439820328
853,TCCCA,-0.0274313317030311
854,TCCCC,-0.012581806952679
855,TCCCG,-0.0056063141678555
856,TCCCT,-0.0297512593351052
857,TCCGA,0.00230959920398206
858,TCCGC,-0.00507001673664207
859,TCCGG,-0.00443158427161675
860,TCCGT,0.0264839282020793
861,TCCTA,-0.000431534446635492
862,TCCTC,-0.00901977849463829
863,TCCTG,0.0246918364660311
864,TCCTT,-0.0243057048561981
865,TCGAA,-0.0205910024804063
866,TCGAC,-0.0141237286901684
867,TCGAG,-0.0313202156116568
868,TCGAT,-0.00937977052126079
869,TCGCA,0.00344846056060733
870,TCGCC,0.0144678987081082
871,TCGCG,-0.0106654147065328
872,TCGCT,0.00553663560503702
873,TCGGA,0.00863302730049831
874,TCGGC,-0.00456472674536016
875,TCGGG,0.00292208813704671
876,TCGGT,-0.0159607991908896
877,TCGTA,0.00317102610732413
878,TCGTC,-0.00670332842282646
879,TCGTG,-0.0388623390407978
880,TCGTT,0.0167749674660949
881,TCTAA,0.0166012238120504
882,TCTAC,-0.0136211827780746
883,TCTAG,-0.0210263585874171
884,TCTAT,-0.00168427784687915
885,TCTCA,-0.0169929501980888
886,TCTCC,0.0186050889766624
887,TCTCG,0.00657725585115324
888,TCTCT,-0.00461996270747523
889,TCTGA,0.0106505205652679
890,TCTGC,0.0110180993288342
891,TCTGG,0.141077181003498
892,TCTGT,-0.0250958274931801
893,TCTTA,-0.0173469206483239
894,TCTTC,0.00839232850887082
895,TCTTG,-0.0118552277507656
896,TCTTT,0.000586020417054356
897,TGAAA,-0.0769230254445834
898,TGAAC,-0.0332777022360721
899,TGAAG,0.0410114173115474
900,TGAAT,-0.0255769451538452
901,TGACA,0.0140742352040214
902,TGACC,0.0414666240318201
903,TGACG,-0.0275378220552364
904,TGACT,0.00184166908111529
905,TGAGA,-0.0269390356216225
906,TGAGC,0.00205469460324834
907,TGAGG,0.0239209585402094
908,TGAGT,-0.0348488133335056
909,TGATA,-0.0186775324019226
910,TGATC,-0.0246925629740799
911,TGATG,0.0729560987446799
912,TGATT,-0.00539710668341185
913,TGCAA,-0.0183427133726627
914,TGCAC,-0.0306262363381134
915,TGCAG,0.0276294869808708
916,TGCAT,-0.0179851863174885
917,TGCCA,-0.00371335446422157
918,TGCCC,0.0204871703809749
919,TGCCG,0.00751131644305921
920,TGCCT,-0.00275881770104139
921,TGCGA,-0.014039402237827
922,TGCGC,-0.0119902425944712
923,TGCGG,0.0504587155563086
924,TGCGT,0.0125236668443281
925,TGCTA,-0.0435817263451269
926,TGCTC,-0.00946844864328743
927,TGCTG,0.0959371551047704
928,TGCTT,0.0101475281125884
929,TGGAA,0.13693614165662
930,TGGAC,0.189497024479158
931,TGGAG,0.35813473615532
932,TGGAT,0.112571548620415
933,TGGCA,0.0018208005403584
934,TGGCC,-0.00378632341154469
935,TGGCG,-0.0102549451454333
936,TGGCT,0.0733222233184881
937,TGGGA,0.0470612396369249
938,TGGGC,0.0285644936689203
939,TGGGG,0.0585882787272032
940,TGGGT,-0.0447804474393693
941,TGGTA,-0.0240503984580465
942,TGGTC,-0.0381784586269003
943,TGGTG,0.0334954847518733
944,TGGTT,-0.0398230226790631
945,TGTAA,-0.0577695466947181
946,TGTAC,-0.0365162223743572
947,TGTAG,-0.0747098207800106
948,TGTAT,-0.0198997024473885
949,TGTCA,0.0074446999402303
950,TGTCC,-0.000296358313358291
951,TGTCG,-0.00640040518794675
952,TGTCT,0.0221939704198516
953,TGTGA,-0.0161678536891664
954,TGTGC,0.0172309537918424
955,TGTGG,0.0987727536980171
956,TGTGT,-0.0777712866982588
957,TGTTA,-0.0112997034978215
958,TGTTC,0.010528244971053
959,TGTTG,-0.0340575637332589
960,TGTTT,-0.0557625399482498
961,TTAAA,-0.0658139835205815
962,TTAAC,0.0106421018370436
963,TTAAG,-0.00373872998791831
964,TTAAT,-0.01270015271004
965,TTACA,-0.03602082879343
966,TTACC,-0.00421916497633118
967,TTACG,0.00426884806348493
968,TTACT,0.00466530208114888
969,TTAGA,-0.0384702689649963
970,TTAGC,-0.0206132983535889
971,TTAGG,-0.0166427765568969
972,TTAGT,-0.0179475706156143
973,TTATA,0.0150994153469236
974,TTATC,-0.00154405677917276
975,TTATG,-0.0208287563797812
976,TTATT,-0.0322754175204785
977,TTCAA,-0.0192430387272186
978,TTCAC,-0.0109532340429852
979,TTCAG,0.0281731745888618
980,TTCAT,-0.021250672136146
981,TTCCA,0.0027642034268856
982,TTCCC,-0.0392125355530698
983,TTCCG,0.0148770054650371
984,TTCCT,0.0234081129272569
985,TTCGA,-0.00236047461675992
986,TTCGC,0.0135504212242166
987,TTCGG,0.0013121778072413
988,TTCGT,-0.00433540185513982
989,TTCTA,-0.0232663986990865
990,TTCTC,0.0130870834074197
991,TTCTG,-0.010495629043345
992,TTCTT,0.0140271257640347
993,TTGAA,-0.0313103224340159
994,TTGAC,-0.0336157732167923
995,TTGAG,-0.0623665488627267
996,TTGAT,-0.0110374269814501
997,TTGCA,-0.0173085151849473
998,TTGCC,-0.01656750034385
999,TTGCG,-0.0244988232713992
1000,TTGCT,-0.0143652960046808
1001,TTGGA,0.15636103385814
1002,TTGGC,-0.0455651820979412
1003,TTGGG,-0.0506392163880046
1004,TTGGT,0.000952072813944512
1005,TTGTA,-0.0421226099898279
1006,TTGTC,-0.00222045640658791
1007,TTGTG,0.00455032765273912
1008,TTGTT,-0.0108906325142684
1009,TTTAA,-0.0472952164971583
1010,TTTAC,-0.00197926079204296
1011,TTTAG,-0.0364739936367284
1012,TTTAT,-0.032174635193584
1013,TTTCA,-0.0228883078967434
1014,TTTCC,-0.00441071323853235
1015,TTTCG,0.0070159133834961
1016,TTTCT,-0.0400101745464719
1017,TTTGA,-0.0624489898354261
1018,TTTGC,-0.00971597190357445
1019,TTTGG,0.0570202649852782
1020,TTTGT,-0.0307456806983772
1021,TTTTA,-0.0573562190146912
1022,TTTTC,-0.0335422463199587
1023,TTTTG,-0.039847443499311
1024,TTTTT,-0.350844321122502
