,MOTIF,Score
1,AAAAA,0
2,AAAAC,0.0211974433853058
3,AAAAG,0.020233403192037
4,AAAAT,0.0141082590932387
5,AAACA,0.0232078725692177
6,AAACC,0.0247516108724527
7,AAACG,0.0295816373441687
8,AAACT,0.0238823697853256
9,AAAGA,0.022428798090495
10,AAAGC,0.024940476385485
11,AAAGG,0.0247862388869246
12,AAAGT,0.0254156301410362
13,AAATA,0.0186604979737888
14,AAATC,0.024940476385485
15,AAATG,0.0229682219848498
16,AAATT,0.0188853502472625
17,AACAA,0.0246288291580764
18,AACAC,0.0263118287863378
19,AACAG,0.0267611979684981
20,AACAT,0.022394088344812
21,AACCA,0.0278350948060474
22,AACCC,0.0270470550726135
23,AACCG,0.0308340077167213
24,AACCT,0.0339331349375827
25,AACGA,0.029898008909648
26,AACGC,0.0298948770084539
27,AACGG,0.0303301172253978
28,AACGT,0.0294876463084642
29,AACTA,0.0253999001865965
30,AACTC,0.0327471039012871
31,AACTG,0.0263149719293955
32,AACTT,0.0289611331879526
33,AAGAA,0.0222331455986107
34,AAGAC,0.029293370168543
35,AAGAG,0.0274301639034891
36,AAGAT,0.0250569256737597
37,AAGCA,0.0263118287863378
38,AAGCC,0.0262395337691777
39,AAGCG,0.0301109551826893
40,AAGCT,0.0281928042926124
41,AAGGA,0.0259503014235037
42,AAGGC,0.0278664779515066
43,AAGGG,0.0278507865018897
44,AAGGT,0.0265506795070295
45,AAGTA,0.0240493478954889
46,AAGTC,0.0320254338127543
47,AAGTG,0.0288733540433307
48,AAGTT,0.0263275444028335
49,AATAA,0.0211216181639595
50,AATAC,0.0283151492215876
51,AATAG,0.024912148832404
52,AATAT,0.0226244123099697
53,AATCA,0.0259754553834344
54,AATCC,0.0298886131766386
55,AATCG,0.0305773995664353
56,AATCT,0.0343354416575669
57,AATGA,0.0242855900401364
58,AATGC,0.031565917898276
59,AATGG,0.0338738667822873
60,AATGT,0.0234915950575205
61,AATTA,0.0216206952372702
62,AATTC,0.028835732051065
63,AATTG,0.0237783881962413
64,AATTT,0.0327408579099429
65,ACAAA,0.0264029759242336
66,ACAAC,0.0297288722071916
67,ACAAG,0.027794295244467
68,ACAAT,0.0300170138872884
69,ACACA,0.0261578026730565
70,ACACC,0.0294030468223283
71,ACACG,0.0309529013645762
72,ACACT,0.0280139655438394
73,ACAGA,0.0540576465487262
74,ACAGC,0.0310436264812516
75,ACAGG,0.0383682651144728
76,ACAGT,0.0410973604593592
77,ACATA,0.0235798478609135
78,ACATC,0.0260949280532594
79,ACATG,0.0268680112836993
80,ACATT,0.0229240695596183
81,ACCAA,0.0276593309881677
82,ACCAC,0.0274803967997053
83,ACCAG,0.030145398113312
84,ACCAT,0.030314464386574
85,ACCCA,0.0493231791574908
86,ACCCC,0.0290489046280728
87,ACCCG,0.0304208988592691
88,ACCCT,0.0303457698192141
89,ACCGA,0.0300138823587843
90,ACCGC,0.0319785541064475
91,ACCGG,0.0310999344829253
92,ACCGT,0.030198625763697
93,ACCTA,0.0294249807096831
94,ACCTC,0.0391970848042779
95,ACCTG,0.0291617423037886
96,ACCTT,0.0286789585128124
97,ACGAA,0.0302675043999809
98,ACGAC,0.0314189532839944
99,ACGAG,0.0297601959771294
100,ACGAT,0.0328314209663183
101,ACGCA,0.0300796423980974
102,ACGCC,0.0294093136963783
103,ACGCG,0.0301861018655513
104,ACGCT,0.0294093136963783
105,ACGGA,0.046021859900546
106,ACGGC,0.0308871987276265
107,ACGGG,0.0310092144748879
108,ACGGT,0.0318941650964761
109,ACGTA,0.0302455889848656
110,ACGTC,0.0308433945712949
111,ACGTG,0.0289172445787891
112,ACGTT,0.0297883865311905
113,ACTAA,0.0279449315064792
114,ACTAC,0.0272009442892195
115,ACTAG,0.0278319564373311
116,ACTAT,0.0300545914644513
117,ACTCA,0.0318160207740065
118,ACTCC,0.0287103151867598
119,ACTCG,0.0312250520251946
120,ACTCT,0.0555087335341146
121,ACTGA,0.0275400450867573
122,ACTGC,0.0451308219787526
123,ACTGG,0.031278222240677
124,ACTGT,0.0350990672487912
125,ACTTA,0.0267329219458082
126,ACTTC,0.0282273133522354
127,ACTTG,0.0287040439306291
128,ACTTT,0.0378743717922196
129,AGAAA,0.0186731670515438
130,AGAAC,0.0283967041926503
131,AGAAG,0.0245249251620928
132,AGAAT,0.021971163775567
133,AGACA,0.0725794499487779
134,AGACC,0.0268114644792084
135,AGACG,0.0484197072979364
136,AGACT,0.0332997196887277
137,AGAGA,0.0312625842354712
138,AGAGC,0.0287698901585672
139,AGAGG,0.0273579496941113
140,AGAGT,0.0611980236171967
141,AGATA,0.0274427223641085
142,AGATC,0.028440615653053
143,AGATG,0.036266753763078
144,AGATT,0.0236712443401149
145,AGCAA,0.0268585870383327
146,AGCAC,0.0280892699679167
147,AGCAG,0.0250821021153861
148,AGCAT,0.0265003998855296
149,AGCCA,0.0261452280653504
150,AGCCC,0.0276499141974776
151,AGCCG,0.0309497727654643
152,AGCCT,0.033074963670901
153,AGCGA,0.0298165762905666
154,AGCGC,0.0323941442094882
155,AGCGG,0.0307370050596016
156,AGCGT,0.0317191133326192
157,AGCTA,0.0260289054475456
158,AGCTC,0.0357251167686197
159,AGCTG,0.0286005625259943
160,AGCTT,0.0258779802640463
161,AGGAA,0.0235546335689704
162,AGGAC,0.0277754641161344
163,AGGAG,0.022961914614883
164,AGGAT,0.0279292412878738
165,AGGCA,0.0280171033413969
166,AGGCC,0.028657008256006
167,AGGCG,0.0275871333266109
168,AGGCT,0.0908380965030352
169,AGGGA,0.0275117910785032
170,AGGGC,0.0295033120945885
171,AGGGG,0.0292965039541611
172,AGGGT,0.0430373070546476
173,AGGTA,0.0268742940646015
174,AGGTC,0.0308778122842291
175,AGGTG,0.0251607744103348
176,AGGTT,0.0294218473266584
177,AGTAA,0.0232204841670838
178,AGTAC,0.0355227058199226
179,AGTAG,0.028456297850197
180,AGTAT,0.0258842692681572
181,AGTCA,0.0303927261306942
182,AGTCC,0.0273139906654746
183,AGTCG,0.0329469550285406
184,AGTCT,0.0850427841202511
185,AGTGA,0.0320160580473078
186,AGTGC,0.0845299041135064
187,AGTGG,0.0742556229410375
188,AGTGT,0.0373522570757869
189,AGTTA,0.0237657836325185
190,AGTTC,0.0306931943235249
191,AGTTG,0.0295315098911766
192,AGTTT,0.0312719670679404
193,ATAAA,0.0181599409747213
194,ATAAC,0.0277221073267081
195,ATAAG,0.0266449469840254
196,ATAAT,0.0225581601660953
197,ATACA,0.0276342193492668
198,ATACC,0.0311531113511735
199,ATACG,0.0307682972674243
200,ATACT,0.0258654021371689
201,ATAGA,0.0257647714262094
202,ATAGC,0.0271538378604636
203,ATAGG,0.0272260668105879
204,ATAGT,0.0253621472863902
205,ATATA,0.0243737728021456
206,ATATC,0.0273171306601769
207,ATATG,0.0254282139264397
208,ATATT,0.0224792828427465
209,ATCAA,0.0268554456034736
210,ATCAC,0.0310436264812516
211,ATCAG,0.0258528238520802
212,ATCAT,0.0280076899191872
213,ATCCA,0.0276153852062548
214,ATCCC,0.029685017280833
215,ATCCG,0.0302675043999809
216,ATCCT,0.0292682995300512
217,ATCGA,0.030314464386574
218,ATCGC,0.030971672753701
219,ATCGG,0.0310811655013196
220,ATCGT,0.02977272521038
221,ATCTA,0.0272354875933874
222,ATCTC,0.0435502838727869
223,ATCTG,0.0234254003433592
224,ATCTT,0.0375138931440357
225,ATGAA,0.0222363015877124
226,ATGAC,0.0276875808281943
227,ATGAG,0.0289109746202352
228,ATGAT,0.0299700399300178
229,ATGCA,0.0324691195204119
230,ATGCC,0.0271224323417945
231,ATGCG,0.0307025824999804
232,ATGCT,0.0289109746202352
233,ATGGA,0.0387812087292196
234,ATGGC,0.0339861613623172
235,ATGGG,0.0306775471669015
236,ATGGT,0.0300170138872884
237,ATGTA,0.0231731898549496
238,ATGTC,0.0294061802642627
239,ATGTG,0.0231605776606088
240,ATGTT,0.02897994200224
241,ATTAA,0.0215164781972613
242,ATTAC,0.0267360637655904
243,ATTAG,0.0246319775954882
244,ATTAT,0.0296223640495888
245,ATTCA,0.0233875728250049
246,ATTCC,0.0268805768060306
247,ATTCG,0.030386465416556
248,ATTCT,0.028070444393524
249,ATTGA,0.0247893868287814
250,ATTGC,0.0297100774742521
251,ATTGG,0.0275996898161034
252,ATTGT,0.0255288785094146
253,ATTTA,0.0233938775107676
254,ATTTC,0.0244525008405335
255,ATTTG,0.0271569783580842
256,ATTTT,0.0911091595987635
257,CAAAA,0.0207424057912806
258,CAAAC,0.0278727544624119
259,CAAAG,0.0272857302694648
260,CAAAT,0.0240619488855372
261,CAACA,0.027568298296745
262,CAACC,0.0361329282316473
263,CAACG,0.0299199319433653
264,CAACT,0.0308746834501841
265,CAAGA,0.0251293062350709
266,CAAGC,0.0329906671390409
267,CAAGG,0.0306243450029519
268,CAAGT,0.0296724869486142
269,CAATA,0.0278570631112831
270,CAATC,0.0392932703120967
271,CAATG,0.035690865487977
272,CAATT,0.030987315308808
273,CACAA,0.0318504050282206
274,CACAC,0.0267266382766303
275,CACAG,0.0335743529050106
276,CACAT,0.0251167186876913
277,CACCA,0.0332528996839206
278,CACCC,0.0507136675069918
279,CACCG,0.0300702483715208
280,CACCT,0.0353264837940084
281,CACGA,0.0323129146120078
282,CACGC,0.0283622009781516
283,CACGG,0.0306024374068371
284,CACGT,0.029086518601367
285,CACTA,0.032072311321457
286,CACTC,0.0524452358404444
287,CACTG,0.0523656188288247
288,CACTT,0.0301328735485265
289,CAGAA,0.0239359318391611
290,CAGAC,0.0324659956613515
291,CAGAG,0.0572868784575961
292,CAGAT,0.0282022159724318
293,CAGCA,0.0239170279124545
294,CAGCC,0.0335993158214375
295,CAGCG,0.0324784910390421
296,CAGCT,0.0331436444804003
297,CAGGA,0.0257207423056422
298,CAGGC,0.0861713792765701
299,CAGGG,0.0396251943930461
300,CAGGT,0.030198625763697
301,CAGTA,0.0317441226036436
302,CAGTC,0.0386290914464528
303,CAGTG,0.0795236860630554
304,CAGTT,0.027175821136694
305,CATAA,0.0254282139264397
306,CATAC,0.0288043793095882
307,CATAG,0.0268742940646015
308,CATAT,0.0257490469628308
309,CATCA,0.0267800482061159
310,CATCC,0.0287636192760365
311,CATCG,0.0302862886592477
312,CATCT,0.028553521983687
313,CATGA,0.0315502843914444
314,CATGC,0.0291460711657491
315,CATGG,0.0301892328547923
316,CATGT,0.0264249757128865
317,CATTA,0.0248114221443175
318,CATTC,0.0264564031428385
319,CATTG,0.0285942905815364
320,CATTT,0.0271726806982486
321,CCAAA,0.0243926680966334
322,CCAAC,0.0276467752475416
323,CCAAG,0.0301735778105556
324,CCAAT,0.0296474258131397
325,CCACA,0.028280643193017
326,CCACC,0.0304083777445571
327,CCACG,0.0281018201539577
328,CCACT,0.0306650292653199
329,CCAGA,0.0348279690070402
330,CCAGC,0.0273234106200029
331,CCAGG,0.086532497637516
332,CCAGT,0.0292463622057621
333,CCATA,0.0293278412702187
334,CCATC,0.0301328735485265
335,CCATG,0.0307995884960754
336,CCATT,0.0272072249787313
337,CCCAA,0.0303301172253978
338,CCCAC,0.0304897621879137
339,CCCAG,0.0865206597587416
340,CCCAT,0.0286476008555929
341,CCCCA,0.0317910133010608
342,CCCCC,0.0352828736700532
343,CCCCG,0.0302268039610625
344,CCCCT,0.0274552806670153
345,CCCGA,0.0305742697923063
346,CCCGC,0.0298854812460179
347,CCCGG,0.0339237770413284
348,CCCGT,0.0296881498393549
349,CCCTA,0.0289266494429094
350,CCCTC,0.0302455889848656
351,CCCTG,0.0300702483715208
352,CCCTT,0.0289235144980306
353,CCGAA,0.0300827737206789
354,CCGAC,0.0301923638342301
355,CCGAG,0.0310592679108678
356,CCGAT,0.0305085422727358
357,CCGCA,0.0308214917735568
358,CCGCC,0.0314658592309496
359,CCGCG,0.0306869354902555
360,CCGCT,0.0312219242774184
361,CCGGA,0.032644040055062
362,CCGGC,0.031509636129823
363,CCGGG,0.0319879302235271
364,CCGGT,0.0304490707941638
365,CCGTA,0.0300859050334555
366,CCGTC,0.0305398416303683
367,CCGTG,0.0293842459645327
368,CCGTT,0.0308559102403302
369,CCTAA,0.0275180698159924
370,CCTAC,0.0298604254479205
371,CCTAG,0.03271899663301
372,CCTAT,0.0262206733398842
373,CCTCA,0.0281771179627336
374,CCTCC,0.0356970930808083
375,CCTCG,0.0322754218029949
376,CCTCT,0.0318847881001983
377,CCTGA,0.0268617284633235
378,CCTGC,0.0263935472952199
379,CCTGG,0.0370879880016127
380,CCTGT,0.0254911304782919
381,CCTTA,0.0283904309694701
382,CCTTC,0.0264375468033896
383,CCTTG,0.0308371366780361
384,CCTTT,0.0393739348952564
385,CGAAA,0.0306024374068371
386,CGAAC,0.0307244879022908
387,CGAAG,0.0299074045543783
388,CGAAT,0.0296286295493605
389,CGACA,0.0305398416303683
390,CGACC,0.031431461751645
391,CGACG,0.0314126989914955
392,CGACT,0.0304866321394869
393,CGAGA,0.0308778122842291
394,CGAGC,0.0301015614502629
395,CGAGG,0.0302988113027349
396,CGAGT,0.0302455889848656
397,CGATA,0.0305148022226347
398,CGATC,0.0361484902601472
399,CGATG,0.0306931943235249
400,CGATT,0.030433419817205
401,CGCAA,0.0309560299539003
402,CGCAC,0.0315252702721372
403,CGCAG,0.0339923995803723
404,CGCAT,0.030931000965238
405,CGCCA,0.0320629359955148
406,CGCCC,0.0412583923645916
407,CGCCG,0.030458461262763
408,CGCCT,0.0320629359955148
409,CGCGA,0.0324035164307741
410,CGCGC,0.0302675043999809
411,CGCGG,0.030627474620361
412,CGCGT,0.0312125409753921
413,CGCTA,0.0316503346120809
414,CGCTC,0.0415153703437717
415,CGCTG,0.0320441850799363
416,CGCTT,0.0322441767216415
417,CGGAA,0.0317409964789703
418,CGGAC,0.0311969019430206
419,CGGAG,0.0471891816502096
420,CGGAT,0.0310686526512049
421,CGGCA,0.0314439700628356
422,CGGCC,0.030458461262763
423,CGGCG,0.0299418544964738
424,CGGCT,0.0388526027400136
425,CGGGA,0.030136004704429
426,CGGGC,0.0314721131909786
427,CGGGG,0.0321973072690571
428,CGGGT,0.0300608542566958
429,CGGTA,0.0306337338257962
430,CGGTC,0.0311843905410239
431,CGGTG,0.034506918577054
432,CGGTT,0.0296380277254125
433,CGTAA,0.0309529013645762
434,CGTAC,0.029898008909648
435,CGTAG,0.0300264084139618
436,CGTAT,0.0296912823880642
437,CGTCA,0.031093678194865
438,CGTCC,0.0319848048609351
439,CGTCG,0.0304083777445571
440,CGTCT,0.0320504354241955
441,CGTGA,0.0346690151722244
442,CGTGC,0.030580529330769
443,CGTGG,0.0302111495049969
444,CGTGT,0.0289141096044262
445,CGTTA,0.0296881498393549
446,CGTTC,0.031093678194865
447,CGTTG,0.0304146383215104
448,CGTTT,0.0303269866772338
449,CTAAA,0.0244745435806273
450,CTAAC,0.0293059052520915
451,CTAAG,0.0284249332099739
452,CTAAT,0.0289360542185793
453,CTACA,0.0270847444174206
454,CTACC,0.0280139655438394
455,CTACG,0.0301829708665071
456,CTACT,0.0280641691233029
457,CTAGA,0.0300952989129547
458,CTAGC,0.0306493816679835
459,CTAGG,0.0332029559291461
460,CTAGT,0.0274395827637395
461,CTATA,0.0254156301410362
462,CTATC,0.0302174113168306
463,CTATG,0.0290551737218734
464,CTATT,0.0274866757343134
465,CTCAA,0.0331155483557426
466,CTCAC,0.0803399460665706
467,CTCAG,0.0355258201448451
468,CTCAT,0.0284249332099739
469,CTCCA,0.0306556407362999
470,CTCCC,0.0333153258698733
471,CTCCG,0.0329875449087995
472,CTCCT,0.0281112326901256
473,CTCGA,0.030580529330769
474,CTCGC,0.0452727012236058
475,CTCGG,0.0388929536219897
476,CTCGT,0.0300232769148771
477,CTCTA,0.0271632593237375
478,CTCTC,0.0302737658589419
479,CTCTG,0.0850368563742859
480,CTCTT,0.0370289065395125
481,CTGAA,0.0292526300618087
482,CTGAC,0.028782431805658
483,CTGAG,0.0288639486779585
484,CTGAT,0.0266512311665437
485,CTGCA,0.0448716861873669
486,CTGCC,0.0293059052520915
487,CTGCG,0.0304490707941638
488,CTGCT,0.0278790309339228
489,CTGGA,0.0877865187471934
490,CTGGC,0.037053783370058
491,CTGGG,0.0266669414500687
492,CTGGT,0.0316190699934165
493,CTGTA,0.0271883827918534
494,CTGTC,0.0662724341837786
495,CTGTG,0.0342824337511743
496,CTGTT,0.0469829204681138
497,CTTAA,0.0240997509030004
498,CTTAC,0.0353202538927387
499,CTTAG,0.0268617284633235
500,CTTAT,0.0269057073770264
501,CTTCA,0.022501369120432
502,CTTCC,0.0289297843779605
503,CTTCG,0.0309841868173618
504,CTTCT,0.026921413663198
505,CTTGA,0.0320848116193198
506,CTTGC,0.0540668179192262
507,CTTGG,0.0359088081645374
508,CTTGT,0.03695427233452
509,CTTTA,0.0236554869224035
510,CTTTC,0.0339300156485614
511,CTTTG,0.0312625842354712
512,CTTTT,0.110544899693377
513,GAAAA,0.0197969089453837
514,GAAAC,0.0256421140540524
515,GAAAG,0.0245249251620928
516,GAAAT,0.0248491958413286
517,GAACA,0.025550897536221
518,GAACC,0.0289015696086935
519,GAACG,0.030145398113312
520,GAACT,0.0294782467189883
521,GAAGA,0.0268711526790847
522,GAAGC,0.0257081622008379
523,GAAGG,0.0264186901083724
524,GAAGT,0.0296599564593846
525,GAATA,0.026921413663198
526,GAATC,0.0291774131962472
527,GAATG,0.0306149560919568
528,GAATT,0.0231479653071984
529,GACAA,0.0302361965170737
530,GACAC,0.0326815190463471
531,GACAG,0.0716997598849275
532,GACAT,0.0288984345851895
533,GACCA,0.0262835400542395
534,GACCC,0.0288827593202427
535,GACCG,0.031350153915023
536,GACCT,0.0299011408010335
537,GACGA,0.0317191133326192
538,GACGC,0.0302080185843759
539,GACGG,0.0490036769636625
540,GACGT,0.0310123428880366
541,GACTA,0.0292871025678451
542,GACTC,0.0289109746202352
543,GACTG,0.0343073789983151
544,GACTT,0.0319004163784793
545,GAGAA,0.024235196398842
546,GAGAC,0.0884129400812621
547,GAGAG,0.0286820942244532
548,GAGAT,0.0390481341496775
549,GAGCA,0.0281237826005352
550,GAGCC,0.0292777010931423
551,GAGCG,0.030436550032193
552,GAGCT,0.0269999413939576
553,GAGGA,0.0274458619546207
554,GAGGC,0.0289924810152279
555,GAGGG,0.0313282622140417
556,GAGGT,0.0301109551826893
557,GAGTA,0.0320191833122239
558,GAGTC,0.0794640789410116
559,GAGTG,0.0920425863919018
560,GAGTT,0.0375294336969195
561,GATAA,0.0276153852062548
562,GATAC,0.0310780373034696
563,GATAG,0.028440615653053
564,GATAT,0.0265601066546253
565,GATCA,0.0300796423980974
566,GATCC,0.0298917450974507
567,GATCG,0.0307213585884818
568,GATCT,0.0444056898319198
569,GATGA,0.0280233789069744
570,GATGC,0.0291084594324388
571,GATGG,0.0404932597588969
572,GATGT,0.0281237826005352
573,GATTA,0.0254533810222016
574,GATTC,0.0254156301410362
575,GATTG,0.0291554738780428
576,GATTT,0.0305398416303683
577,GCAAA,0.0258779802640463
578,GCAAC,0.0366712336950444
579,GCAAG,0.0297132099542729
580,GCAAT,0.0441834164137928
581,GCACA,0.0353514030109782
582,GCACC,0.0313345170346535
583,GCACG,0.0318785367204973
584,GCACT,0.0311843905410239
585,GCAGA,0.0274427223641085
586,GCAGC,0.0342637244074487
587,GCAGG,0.0299575131687413
588,GCAGT,0.0814113926779914
589,GCATA,0.02770013605649
590,GCATC,0.0296944149269605
591,GCATG,0.0311937741071967
592,GCATT,0.0276656087993637
593,GCCAA,0.0261106470788267
594,GCCAC,0.0272417680659479
595,GCCAG,0.0323222875946227
596,GCCAT,0.0307307465005311
597,GCCCA,0.062899427041174
598,GCCCC,0.0297257397762322
599,GCCCG,0.0304208988592691
600,GCCCT,0.0297445342148077
601,GCCGA,0.0302643736557979
602,GCCGC,0.0295973016579303
603,GCCGG,0.0303113337894077
604,GCCGT,0.0309372582711335
605,GCCTA,0.0307808138763818
606,GCCTC,0.0344289781678881
607,GCCTG,0.0282994648107494
608,GCCTT,0.0325722013952675
609,GCGAA,0.0307401343244484
610,GCGAC,0.0308997138484389
611,GCGAG,0.0301547914339595
612,GCGAT,0.0338551497929084
613,GCGCA,0.0347407033629344
614,GCGCC,0.0319066676214042
615,GCGCG,0.032756472815156
616,GCGCT,0.0302925500005934
617,GCGGA,0.0308089756737412
618,GCGGC,0.0291648765019265
619,GCGGG,0.0299575131687413
620,GCGGT,0.0333715061054651
621,GCGTA,0.0298823493055878
622,GCGTC,0.0324753672092572
623,GCGTG,0.0372714292432746
624,GCGTT,0.0298854812460179
625,GCTAA,0.0304021171284087
626,GCTAC,0.0293466431884911
627,GCTAG,0.0315346506402025
628,GCTAT,0.0298322369246319
629,GCTCA,0.0602171129540841
630,GCTCC,0.0272888703529058
631,GCTCG,0.0313157524554485
632,GCTCT,0.0583193735898985
633,GCTGA,0.0268994247934847
634,GCTGC,0.0308965850829196
635,GCTGG,0.0870147720293276
636,GCTGT,0.0349183432538985
637,GCTTA,0.0285974265586825
638,GCTTC,0.0259031360431834
639,GCTTG,0.0293372422735439
640,GCTTT,0.0347469368757821
641,GGAAA,0.0231984137664388
642,GGAAC,0.0267015032050663
643,GGAAG,0.0262929697205229
644,GGAAT,0.0317128609171333
645,GGACA,0.0290677117915714
646,GGACC,0.0280829948158302
647,GGACG,0.0305148022226347
648,GGACT,0.0327158735544342
649,GGAGA,0.0344102715657372
650,GGAGC,0.0296568238125438
651,GGAGG,0.0279072745682305
652,GGAGT,0.113087081675653
653,GGATA,0.0293654447532579
654,GGATC,0.0299105364163377
655,GGATG,0.0302831579738731
656,GGATT,0.0272135056287963
657,GGCAA,0.0295471749901639
658,GGCAC,0.0389426140109109
659,GGCAG,0.0319879302235271
660,GGCAT,0.0303708134597234
661,GGCCA,0.0296599564593846
662,GGCCC,0.0314908748363971
663,GGCCG,0.0296254968043817
664,GGCCT,0.0300013561467028
665,GGCGA,0.0301422669868216
666,GGCGC,0.0367458890266019
667,GGCGG,0.0288733540433307
668,GGCGT,0.0364005613876322
669,GGCTA,0.0355227058199226
670,GGCTC,0.0532196398389505
671,GGCTG,0.0883893086634317
672,GGCTT,0.0299763032518117
673,GGGAA,0.0250726610240557
674,GGGAC,0.031453351193554
675,GGGAG,0.0271569783580842
676,GGGAT,0.0295534409610488
677,GGGCA,0.0296380277254125
678,GGGCC,0.0319129188252513
679,GGGCG,0.0289705376393177
680,GGGCT,0.0320285590483686
681,GGGGA,0.0305054122830911
682,GGGGC,0.0314220804155754
683,GGGGG,0.0389146803455959
684,GGGGT,0.0359710687773853
685,GGGTA,0.0284657070504375
686,GGGTC,0.0426632243353769
687,GGGTG,0.0349245756595273
688,GGGTT,0.032487862469848
689,GGTAA,0.0263369736541816
690,GGTAC,0.0311718789824901
691,GGTAG,0.0309810583161279
692,GGTAT,0.0281739806672305
693,GGTCA,0.0298009154112422
694,GGTCC,0.0289956157439084
695,GGTCG,0.0299731715958185
696,GGTCT,0.0476354221775493
697,GGTGA,0.0294625805401871
698,GGTGC,0.0398918946573419
699,GGTGG,0.0355756480245822
700,GGTGT,0.0357531396711259
701,GGTTA,0.0270344916420076
702,GGTTC,0.029898008909648
703,GGTTG,0.0337397206165369
704,GGTTT,0.0341764095081301
705,GTAAA,0.024761054995319
706,GTAAC,0.0278539248115108
707,GTAAG,0.0254124841699426
708,GTAAT,0.0251387467916264
709,GTACA,0.0336024361421764
710,GTACC,0.0297226073354606
711,GTACG,0.0309685442133165
712,GTACT,0.0290175585695333
713,GTAGA,0.0299637765689945
714,GTAGC,0.0325815719479185
715,GTAGG,0.0289109746202352
716,GTAGT,0.0297946509908378
717,GTATA,0.0249310339569523
718,GTATC,0.029685017280833
719,GTATG,0.0291209968340587
720,GTATT,0.0273234106200029
721,GTCAA,0.0309685442133165
722,GTCAC,0.0559390722685916
723,GTCAG,0.0293779789333837
724,GTCAT,0.0333090834266412
725,GTCCA,0.030521062133347
726,GTCCC,0.0321723093294247
727,GTCCG,0.0303301172253978
728,GTCCT,0.0266826514867846
729,GTCGA,0.0315158898160799
730,GTCGC,0.0438530021228886
731,GTCGG,0.0317284918825501
732,GTCGT,0.0327377348996409
733,GTCTA,0.0304772419354228
734,GTCTC,0.0791093430831134
735,GTCTG,0.0308684257527253
736,GTCTT,0.0596943775619876
737,GTGAA,0.0262929697205229
738,GTGAC,0.0347188857619666
739,GTGAG,0.0272825901761639
740,GTGAT,0.039615889611432
741,GTGCA,0.0877776514780176
742,GTGCC,0.0290144239096369
743,GTGCG,0.0340516607110721
744,GTGCT,0.0305429715122514
745,GTGGA,0.0328751381272377
746,GTGGC,0.0592778171513445
747,GTGGG,0.0341857650405858
748,GTGGT,0.0451770891617325
749,GTGTA,0.0283308333864289
750,GTGTC,0.0379768980151714
751,GTGTG,0.032940710285344
752,GTGTT,0.0333309318074695
753,GTTAA,0.0256578401989703
754,GTTAC,0.0294124471186758
755,GTTAG,0.0255194416352187
756,GTTAT,0.027900998273988
757,GTTCA,0.029086518601367
758,GTTCC,0.0284876615067101
759,GTTCG,0.0300358028523791
760,GTTCT,0.0291617423037886
761,GTTGA,0.0279951385517312
762,GTTGC,0.0564546244529467
763,GTTGG,0.0343292055791228
764,GTTGT,0.0361329282316473
765,GTTTA,0.0261735207103349
766,GTTTC,0.0322348030068626
767,GTTTG,0.0322597993843501
768,GTTTT,0.0928692810252302
769,TAAAA,0.0147730218807258
770,TAAAC,0.0267297801161547
771,TAAAG,0.0245816014073408
772,TAAAT,0.0207234413973185
773,TAACA,0.0241344014970562
774,TAACC,0.0297821220322994
775,TAACG,0.0299794348979978
776,TAACT,0.0294594472749751
777,TAAGA,0.0297194748848771
778,TAAGC,0.0268648698784457
779,TAAGG,0.0260477694939766
780,TAAGT,0.026638662762016
781,TAATA,0.02357354434753
782,TAATC,0.0266826514867846
783,TAATG,0.0234695306396565
784,TAATT,0.0326065596590497
785,TACAA,0.0272354875933874
786,TACAC,0.0284845251853241
787,TACAG,0.0326940117312986
788,TACAT,0.0230754411879465
789,TACCA,0.0287698901585672
790,TACCC,0.0326815190463471
791,TACCG,0.0310311131614048
792,TACCT,0.028286917104956
793,TACGA,0.0303927261306942
794,TACGC,0.0303269866772338
795,TACGG,0.0310717808784123
796,TACGT,0.0302205422080436
797,TACTA,0.0262332469989371
798,TACTC,0.0344788607295555
799,TACTG,0.0277880182410905
800,TACTT,0.0308809411084843
801,TAGAA,0.0232110254835955
802,TAGAC,0.0302737658589419
803,TAGAG,0.0362574176792275
804,TAGAT,0.0234789868783541
805,TAGCA,0.0281802552483944
806,TAGCC,0.0293779789333837
807,TAGCG,0.0316784719331609
808,TAGCT,0.0278445098531003
809,TAGGA,0.0246351260229875
810,TAGGC,0.032706504260185
811,TAGGG,0.030627474620361
812,TAGGT,0.0258433900344351
813,TAGTA,0.0251198655893907
814,TAGTC,0.0274709783238707
815,TAGTG,0.0295910359618701
816,TAGTT,0.0241249514541143
817,TATAA,0.0196513685135125
818,TATAC,0.0272009442892195
819,TATAG,0.0255571885976863
820,TATAT,0.0237972947439401
821,TATCA,0.0283026017125972
822,TATCC,0.0284123870784322
823,TATCG,0.0305273220048729
824,TATCT,0.0280076899191872
825,TATGA,0.0254816932478642
826,TATGC,0.0279198270385413
827,TATGG,0.0292400943104293
828,TATGT,0.0265601066546253
829,TATTA,0.0299700399300178
830,TATTC,0.0271569783580842
831,TATTG,0.0260823526549
832,TATTT,0.0716607113329172
833,TCAAA,0.0229114542229127
834,TCAAC,0.0304522009601615
835,TCAAG,0.0307995884960754
836,TCAAT,0.0305773995664353
837,TCACA,0.0280829948158302
838,TCACC,0.0564759729538892
839,TCACG,0.0297100774742521
840,TCACT,0.07833683565773
841,TCAGA,0.0256263876618189
842,TCAGC,0.0327033811425943
843,TCAGG,0.0279480695206585
844,TCAGT,0.0273610895507858
845,TCATA,0.02602576140521
846,TCATC,0.0286444650357886
847,TCATG,0.0294469141159529
848,TCATT,0.0292526300618087
849,TCCAA,0.0273642293976014
850,TCCAC,0.0330905733599965
851,TCCAG,0.0286256499104596
852,TCCAT,0.0269371197026861
853,TCCCA,0.0328626477048504
854,TCCCC,0.030433419817205
855,TCCCG,0.0324066404850164
856,TCCCT,0.0309998291767199
857,TCCGA,0.0313126249913478
858,TCCGC,0.0326752726453456
859,TCCGG,0.0314846209937019
860,TCCGT,0.0300827737206789
861,TCCTA,0.0278445098531003
862,TCCTC,0.0263338305802778
863,TCCTG,0.0270407733770405
864,TCCTT,0.0342044758429232
865,TCGAA,0.029738269441197
866,TCGAC,0.031381426942245
867,TCGAG,0.0305398416303683
868,TCGAT,0.0305930482901503
869,TCGCA,0.0320223085673726
870,TCGCC,0.0436151597841342
871,TCGCG,0.0308715546063494
872,TCGCT,0.0464193334837332
873,TCGGA,0.0314189532839944
874,TCGGC,0.0394018557350329
875,TCGGG,0.031300115037134
876,TCGGT,0.0301892328547923
877,TCGTA,0.0303520307881401
878,TCGTC,0.0319848048609351
879,TCGTG,0.0294406474775364
880,TCGTT,0.0309466441565639
881,TCTAA,0.0259188580837997
882,TCTAC,0.0272386278345983
883,TCTAG,0.0293779789333837
884,TCTAT,0.0257804956423332
885,TCTCA,0.0604024360491582
886,TCTCC,0.0343198513885398
887,TCTCG,0.0505234720076263
888,TCTCT,0.0352579527453062
889,TCTGA,0.0325815719479185
890,TCTGC,0.0303739438706888
891,TCTGG,0.0277095523742655
892,TCTGT,0.0781249629520822
893,TCTTA,0.0294939126523639
894,TCTTC,0.0281645687216644
895,TCTTG,0.0707832187712758
896,TCTTT,0.0823033887457258
897,TGAAA,0.0222804843893418
898,TGAAC,0.0283182860742354
899,TGAAG,0.0271695402499406
900,TGAAT,0.0259031360431834
901,TGACA,0.0312625842354712
902,TGACC,0.0301046927042096
903,TGACG,0.031594057594683
904,TGACT,0.0275620198746203
905,TGAGA,0.0855850242297649
906,TGAGC,0.0262552505218663
907,TGAGG,0.0317347442003058
908,TGAGT,0.0361858381404963
909,TGATA,0.0267234964272346
910,TGATC,0.0425209743500705
911,TGATG,0.0281551566875128
912,TGATT,0.0289579983511768
913,TGCAA,0.0497070611846322
914,TGCAC,0.0311843905410239
915,TGCAG,0.0852443065787091
916,TGCAT,0.0279480695206585
917,TGCCA,0.0288012439813752
918,TGCCC,0.0532196398389505
919,TGCCG,0.0300733797235184
920,TGCCT,0.0311656231445206
921,TGCGA,0.0335993158214375
922,TGCGC,0.0309091000862617
923,TGCGG,0.0327689645637746
924,TGCGT,0.0304897621879137
925,TGCTA,0.0275965507085113
926,TGCTC,0.0498575027424481
927,TGCTG,0.0321910578427329
928,TGCTT,0.0308246207740337
929,TGGAA,0.0280422053674142
930,TGGAC,0.0299700399300178
931,TGGAG,0.109223646811558
932,TGGAT,0.0283622009781516
933,TGGCA,0.0425890094763448
934,TGGCC,0.0297320046283387
935,TGGCG,0.0458862513743714
936,TGGCT,0.0478784625523665
937,TGGGA,0.0250883961267543
938,TGGGC,0.0297539313016357
939,TGGGG,0.036058227123561
940,TGGGT,0.0288952995518573
941,TGGTA,0.0307088412353189
942,TGGTC,0.0320879366693705
943,TGGTG,0.0460865756693179
944,TGGTT,0.0330468656164853
945,TGTAA,0.022722205072232
946,TGTAC,0.0276718865711493
947,TGTAG,0.0320910617096552
948,TGTAT,0.0273108506609128
949,TGTCA,0.0579814173313597
950,TGTCC,0.0316315759581798
951,TGTCG,0.0464686215218985
952,TGTCT,0.0350180570831137
953,TGTGA,0.0320473102569493
954,TGTGC,0.0267423473755422
955,TGTGG,0.0338177147631408
956,TGTGT,0.0302455889848656
957,TGTTA,0.0276718865711493
958,TGTTC,0.02499712908441
959,TGTTG,0.0611282072985684
960,TGTTT,0.0862809125576233
961,TTAAA,0.0192051234327568
962,TTAAC,0.0286977726351695
963,TTAAG,0.0290551737218734
964,TTAAT,0.030348900308577
965,TTACA,0.0225329200995308
966,TTACC,0.0325003575743092
967,TTACG,0.0300921676295932
968,TTACT,0.0358154099764422
969,TTAGA,0.0270376325144567
970,TTAGC,0.0263589748949025
971,TTAGG,0.0256767112464262
972,TTAGT,0.0236428808094588
973,TTATA,0.0215733252018725
974,TTATC,0.0276530531375604
975,TTATG,0.0254061921980642
976,TTATT,0.0745881246488364
977,TTCAA,0.0250034236306205
978,TTCAC,0.0283872943431224
979,TTCAG,0.0238004458004705
980,TTCAT,0.0234096390512745
981,TTCCA,0.0270125052586379
982,TTCCC,0.0318660338438548
983,TTCCG,0.0319816794885754
984,TTCCT,0.0310498830824566
985,TTCGA,0.0298666894563006
986,TTCGC,0.033486977789906
987,TTCGG,0.031540904170029
988,TTCGT,0.0301579225212345
989,TTCTA,0.023129046478819
990,TTCTC,0.0270282098675142
991,TTCTG,0.0292808349278642
992,TTCTT,0.0751540219425284
993,TTGAA,0.0252520265191576
994,TTGAC,0.029086518601367
995,TTGAG,0.0936747242777386
996,TTGAT,0.0323816477778011
997,TTGCA,0.0313970630891129
998,TTGCC,0.0589766910056364
999,TTGCG,0.0322847951370342
1000,TTGCT,0.0528248605600698
1001,TTGGA,0.0379768980151714
1002,TTGGC,0.0362885376197698
1003,TTGGG,0.0292181563673777
1004,TTGGT,0.0360986909164608
1005,TTGTA,0.030342639320051
1006,TTGTC,0.0378712647728795
1007,TTGTG,0.0328064388733953
1008,TTGTT,0.0894433174819972
1009,TTTAA,0.0348840643286062
1010,TTTAC,0.0298604254479205
1011,TTTAG,0.0257364672140992
1012,TTTAT,0.0627994245788775
1013,TTTCA,0.025758481670529
1014,TTTCC,0.0362636417448124
1015,TTTCG,0.0336461196102277
1016,TTTCT,0.069025920284596
1017,TTTGA,0.0953951402886585
1018,TTTGC,0.0352112243374092
1019,TTTGG,0.041512274616532
1020,TTTGT,0.0909353341080172
1021,TTTTA,0.0768886413730542
1022,TTTTC,0.0711108660004478
1023,TTTTG,0.16563949543786
1024,TTTTT,1
